Product,Price,Sale Price
4896,19.99,17.99
4945,10.49,9.49
4494,18.99,
5681,32.99,29.99
4522,15.99,
8823,7.99,6.99
4806,16.99,14.99
8819,7.99,6.99
4783,13.99,11.99
4829,13.99,11.99
8118,6.99,5.99
4916,13.99,11.99
4309,10.99,7.99
8664,24.99,21.99
5836,29.99,
4498,42.99,38.99
4491,33.99,
4513,49.99,45.99
8267,24.99,
8252,20.49,
4762,9.99,6.99
7327,26.99,
5126,54.99,
4779,29.99,
8459,15.99,12.99
4737,12.99,10.99
5107,16.99,14.99
6862,29.99,27.99
5196,79.99,
5076,39.99,35.99
4605,129.99,
4511,339.99,
4527,39.99,34.99
4677,49.99,44.99
4629,36.99,33.99
4678,27.99,22.99
4679,13.49,11.99
4686,58.99,49.99
4682,37.99,34.99
4625,149.99,139.99
4320,52.99,
4687,24.99,22.99
6525,39.99,
4164,599.99,
4664,38.99,35.99
4689,52.99,46.99
9388,25.99,23.99
1620,52.99,46.99
307,8.99,
820,40.99,
4673,69.99,
4683,3.99,
4685,32.99,29.99
4638,16.49,
4621,16.49,
4652,199.99,159.99
5468,64.99,
4628,119.99,114.99
4989,26.99,23.99
4624,28.99,25.99
4626,24.49,
8483,32.99,26.99
8489,58.99,49.99
4254,29.99,24.99
782,56.99,46.99
500,3049.99,
3601,39.99,36.99
4722,40.99,34.99
4732,94.99,89.99
4897,4.49,
4528,159.99,144.99
8808,19.99,17.99
7353,19.99,16.99
5560,18.99,
5230,15.99,
5214,15.99,
5246,15.99,
5194,15.99,
7383,19.99,
7363,19.99,
3342,27.99,22.99
5058,17.99,
8370,10.99,7.99
7293,10.99,7.99
8712,19.99,16.99
5810,15.99,
4411,11.99,9.99
8793,21.99,19.99
4062,8.99,7.99
8970,11.99,9.99
5694,11.99,9.99
8100,39.99,29.99
5805,15.99,
8642,15.99,12.99
5253,17.99,15.99
5330,17.99,15.99
5875,19.99,17.99
1905,16.99,
8694,12.99,
8298,12.99,
7070,19.9,12.99
8152,12.99,
5667,12.99,
3797,19.99,16.99
5662,12.99,
5215,14.99,12.99
3140,14.99,12.99
5255,14.99,12.99
7917,9.99,8.99
7849,9.99,8.99
7931,9.99,8.99
7867,9.99,8.99
5798,19.9,19.99
5758,19.99,
5357,34.99,
5587,19.99,
5714,9.99,
5765,15.99,
5655,15.99,13.99
5767,15.99,
7320,19.99,17.99
8673,12.99,
169,16.99,
8351,10.99,
5277,7.99,
5707,32.99,29.99
5702,32.99,29.99
555,32.99,29.99
5771,32.99,
5626,12.99,9.99
5628,12.99,9.99
5953,21.99,19.99
8015,19.99,15.99
8040,9.99,7.99
8312,9.99,7.99
6646,21.99,18.99
5218,17.99,13.99
8135,13.99,10.99
6156,23.99,19.99
6598,31.99,
8553,,
8519,,
5826,9.99,8.99
8023,4.99,4.49
8066,9.99,
5228,8.99,
5359,21.99,17.99
5669,19.99,15.99
4178,12.99,9.99
4701,19.99,16.99
5643,14.99,
5633,14.99,
5641,14.99,
5627,18.99,15.99
8491,22.99,19.99
5847,23.99,
5815,23.99,
5890,23.99,
4283,21.99,18.99
6015,27.99,24.99
5285,9.29,
5195,9.99,6.99
6096,20.99,17.99
6267,20.99,17.99
6499,20.99,17.99
8212,24.99,21.99
3533,20.99,18.99
7278,35.99,
6042,13.99,
8262,24.99,
2993,7.49,
711,19.99,
709,19.99,
92001,6.99,
92005,6.99,
92002,6.99,
92004,6.99,
92003,6.99,
9129,4.99,
92007,6.99,
92006,6.99,
92008,6.99,
275,19.99,
156,19.99,
234,15.49,
4878,7.99,6.99
7878,15.99,
4882,8.49,6.49
8670,15.49,11.49
4932,7.99,5.99
4563,18.99,
4565,10.49,
8214,11.99,9.99
8450,21.99,19.99
8576,4.99,
5404,5.49,
5444,22.99,19.99
5480,12.99,10.99
4502,25.99,21.99
4550,14.99,12.99
5368,21.99,19.99
5268,8.99,
5693,13.99,
5688,13.99,
5691,13.99,
5146,19.99,
5410,9.99,8.49
5221,12.99,
5629,8.99,
5921,23.99,19.99
5929,41.99,
7986,29.99,27.99
809,19.99,17.99
5197,8.99,7.99
5297,15.99,13.99
5299,26.99,18.99
5296,31.99,28.99
5298,18.99,16.99
8413,19.99,17.99
8965,59.99,54.99
5740,21.99,19.99
5042,17.99,14.99
5748,15.99,12.99
8428,20.99,16.99
5962,28.99,24.99
7358,24.99,18.99
7680,24.99,18.99
7340,24.99,18.99
5403,9.99,8.49
5415,15.99,10.99
5333,14.99,11.99
8599,7.99,5.99
5125,8.99,7.99
6260,34.99,29.99
5027,15.99,11.99
5897,15.99,11.99
7393,15.99,11.99
5458,17.99,15.99
8535,4.99,
8590,7.99,
5232,16.99,14.99
5254,10.99,
5539,12.99,10.99
5489,10.99,
5096,10.99,
8562,16.99,14.99
5031,16.99,14.99
5713,16.99,
5725,10.99,9.99
5597,10.99,9.99
718,10.49,
452,8.79,
5382,13.99,
8658,39.99,33.99
5977,27.99,
4389,26.99,22.99
376,28.99,
9304,24.99,21.99
8632,19.99,
4007,29.99,
5315,28.99,
5462,21.99,19.99
5705,24.99,19.99
5452,11.99,
5318,28.99,
5630,19.99,
9140,24.99,21.99
8258,29.99,
4796,19.99,16.99
8526,29.99,27.99
8725,17.99,
4540,29.99,24.99
13258,12.99,9.99
4899,24.99,19.99
5124,74.99,68.99
5233,21.99,19.99
5242,33.99,29.99
5188,36.99,31.99
3419,29.99,26.99
653,37.99,
5337,29.99,23.99
5071,34.99,
8660,11.99,
6717,21.99,19.99
5527,24.99,22.99
5525,27.99,24.99
8420,42.99,39.99
8462,24.99,21.99
5378,27.99,25.99
5335,29.99,
5706,32.99,
821,38.99,
5342,32.99,29.99
5353,18.99,
8612,67.99,59.99
5430,349.99,
5492,149.99,
8652,56.99,
5817,34.99,29.99
5849,18.99,16.99
5346,49.99,
5149,34.99,
5160,10.99,
5165,19.99,
435,19.99,
5358,25.99,
812,22.99,20.99
5401,5.99,
5440,39.99,32.99
5445,17.99,
5447,9.99,
5395,20.99,18.99
5855,20.99,18.99
6224,16.99,
438,21.99,19.99
5322,24.99,
200,32,29.99
6952,19.99,
5741,16.99,14.99
4702,25.99,22.99
8637,19.99,17.99
5696,12.99,10.99
8308,26.99,24.99
8279,26.99,24.99
5147,14.99,11.99
5505,21.99,18.99
4724,22.99,20.99
5152,22.99,20.99
8097,13.99,11.99
966,22.99,20.99
8369,35.99,33.99
5375,21.99,19.99
7788,14.99,
8962,19.99,
8655,19.99,17.99
5070,29.99,25.99
5367,9.99,
8202,19.99,17.99
8620,11.99,
5219,19.99,17.99
2830,15.99,13.99
6126,29.99,
6116,29.99,
6950,34.99,
2158,19.99,
443,37.99,
6225,3.99,
1296,29.99,26.99
286,34.99,
287,34.99,
5198,34.99,
8575,29.99,
6254,21.99,
5075,21.99,19.99
5689,22.99,
6506,46.49,
5384,32.99,
5130,19.99,
8893,16.99,
8898,25.99,
538,13.99,
5311,37.99,
5312,24.99,19.99
1704,24.99,19.99
6346,,
1212,21.99,19.99
5831,6.99,
5370,349.99,
8485,22.99,17.99
5566,16.99,14.99
857,26.99,23.99
5356,9.99,
5364,36.99,29.99
5365,21.99,18.99
5334,24.99,22.99
5168,20.99,18.99
5773,21.99,19.99
5192,20.99,18.99
5391,19.99,15.99
8497,10.99,9.99
4938,10.49,8.99
4939,17.99,15.99
4447,28.99,26.99
984,28.99,26.99
4054,14.99,12.99
5396,19.99,17.99
8173,24.99,22.99
1001,5.99,
8515,21.99,
8440,21.99,
597,27.99,
8082,38.99,29.99
8441,12.99,
8512,21.99,19.99
8513,10.99,
8517,21.99,
3498,21.99,
8520,19.99,17.99
5102,24.99,19.99
8482,21.99,17.99
5128,14.99,11.99
5142,26.99,22.99
8048,27.99,24.99
5438,9.99,
5616,19.99,
5137,11.99,9.99
5822,7.99,5.99
5828,10.99,8.99
5891,17.99,15.99
5148,24.99,17.99
5348,13.99,
5170,15.99,13.99
5060,15.99,13.99
5134,15.99,
5668,15.99,13.99
5109,15.99,13.99
3636,7.49,6.49
5101,15.99,13.99
5105,25.99,
5087,15.99,13.99
5820,15.99,13.99
5661,15.99,13.99
5202,15.99,13.99
5153,15.99,13.99
5191,9.99,
5033,17.99,
5103,28.99,24.99
5138,15.99,13.99
5394,10.99,
5392,19.99,
5292,19.99,
2872,31.99,
2238,29.99,24.99
2580,36.99,34.99
2828,46.99,44.99
563,31.99,28.99
2803,29.99,25.99
3123,14.99,
2414,39.99,
8840,13.99,
2192,49.99,
211,29.99,
2241,27.99,25.99
2162,34.99,32.99
3216,11.99,9.99
3253,14.49,12.49
3257,6.99,
3276,14.99,
3278,7.99,
3326,10.99,9.49
9092,34.99,29.99
2202,32.99,29.99
3346,32.99,27.99
2152,12.99,10.99
2164,22.99,18.99
2478,39.99,34.99
3388,10.99,9.99
3389,19.99,16.99
2302,32.99,29.99
1259,27.99,
2199,32.99,29.99
3227,9.99,8.99
892,36.99,34.99
3422,21.99,19.99
3423,31.99,24.99
613,25.99,
859,24.99,22.99
3436,28.99,24.99
3437,19.99,
3016,24.99,
903,26.99,
3343,12.99,
3344,24.99,
3348,36.99,31.99
2058,43.99,
3439,21.99,16.99
2990,24.99,
2543,29.99,23.99
2844,35.99,30.99
3234,66.99,
3238,33.99,29.99
4401,39.99,
4620,29.99,26.99
4018,39.99,36.99
4412,19.99,17.99
4542,57.99,
4380,15.99,13.99
4370,14.99,10.99
4291,14.99,12.99
4296,14.99,12.99
4138,27.99,
4524,27.49,
4012,26.99,
4627,49.99,
4488,13.49,
4382,18.99,
4904,19.99,15.99
4176,13.99,
4194,15.99,12.99
4064,15.99,12.99
4269,15.99,12.99
4303,9.99,7.99
4195,13.99,10.99
4344,14.99,11.99
4181,14.99,10.99
2023,19.99,
4351,22.99,
4363,32.99,
4734,16.99,14.99
4260,24.49,21.99
4278,11.99,
4280,23.99,
4268,22.99,
4368,37.99,34.99
4429,26.99,22.99
497,19.99,
4261,26.99,22.99
4262,16.99,
4265,10.99,
4327,19.99,17.99
4330,30.99,28.99
4264,16.99,14.99
4345,19.99,
4249,14.99,
4299,14.99,
4282,14.99,
4259,11.99,
4438,10.99,9.99
4343,10.99,9.99
4416,10.99,9.99
4410,10.99,9.99
4211,10.99,9.99
4414,10.99,9.99
5983,29.99,25.99
4366,19.99,17.99
4130,11.99,
4174,30.99,
4187,20.99,18.99
4385,24.99,
4198,28.99,24.99
4404,7.99,
4221,19.99,
4160,24.99,
508,15.49,
4243,23.99,19.99
4245,13.99,11.99
4246,7.99,
4903,3.99,
4226,13.99,11.99
4227,19.99,
4270,19.99,
4575,24.99,
4040,28.99,
4274,39.99,35.99
4582,80,39.99
4482,39.99,
4145,19.99,16.99
4402,59.99,54.99
4418,39.99,37.99
4256,29.99,
4752,19.99,
4764,23.99,19.99
4294,18.99,15.99
4224,17.99,15.99
4225,30.99,25.99
4276,30.99,25.99
4192,19.99,
4216,21.99,
463,36.99,33.99
4147,44.99,41.99
4450,28.99,24.99
4391,29.99,24.99
675,109.99,99.99
4091,29.99,27.99
4437,39.99,33.99
8166,22.99,19.99
4898,46.99,39.99
4478,17.99,
8506,32.99,
4239,21.99,
4616,59.99,
4317,36.99,32.99
659,38.99,33.99
4804,20.99,
4692,,
4390,45.99,
4337,46.99,43.99
4431,16.99,14.99
3417,24.99,
4272,29.99,27.99
4250,44.99,34.99
4204,13.99,11.99
4179,23.99,19.99
4196,13.99,11.99
4670,5.99,4.49
2040,,
2855,32.99,29.99
2045,37.99,
72,39.99,
2464,18.99,15.99
3201,33.99,29.99
2232,42.99,32.99
822,26.99,
3486,12.99,
3488,23.99,
3489,34.99,29.99
2654,28.99,
3366,35.99,
3377,24.99,
868,32.99,
3690,29.99,
288,,
2280,39.99,36.99
2048,34.99,29.99
2310,31.99,28.99
4884,,
533,31.99,28.99
3298,29.99,26.99
4201,15.99,12.99
4089,24.99,22.99
4103,14.99,
4662,24.99,19.99
4244,12.99,9.99
4233,12.99,
4942,19.99,
8448,10.99,
8451,19.99,17.99
8452,19.99,17.99
4340,,
4846,19.99,16.99
3629,28.99,21.99
4634,12.99,10.99
4152,5.99,5.49
4153,13.49,
4215,25.99,
4346,12.49,9.99
4359,12.49,9.99
4218,,
4235,9.99,
4197,18.99,
4131,27.99,
4355,25.49,
4121,27.99,
4029,27.99,
8671,21.99,19.99
4423,4999.99,
4521,24.99,
4480,14.99,
4787,22.99,19.99
8358,19.99,
4228,24.99,
4229,23.99,19.99
8617,13.99,11.99
4222,13.99,11.99
4223,23.99,19.99
4092,,
4247,13.99,11.99
4267,23.99,
4277,5.99,4.49
4258,13.99,11.99
4050,13.99,11.99
4066,21.99,19.99
4075,23.99,
4234,13.99,11.99
4102,13.99,11.99
4202,14.99,
802,13.99,11.99
5259,18.99,16.99
4126,24.99,19.99
1136,5.99,
5776,26.99,22.99
5780,16.99,14.99
5731,14.99,12.99
5747,14.99,12.99
5734,25.99,19.99
5735,14.99,12.99
5750,14.99,12.99
5759,14.99,12.99
4315,33.99,29.99
1982,21.99,16.99
3999,23.99,
3959,29.99,
184,24.99,20.99
3444,38.99,
3910,12.99,11.49
3997,24.99,20.99
173,24.99,20.99
3919,12.99,11.49
3980,38.99,
3982,24.99,20.99
8505,34.99,29.99
415,20.99,18.99
8159,30.99,25.99
8691,16.99,
8761,10.99,
3776,30.99,25.99
3787,16.99,
3791,10.99,
8323,16.99,
1995,99.99,
8327,16.99,
3969,19.99,
3183,19.99,
9361,69.99,64.99
9360,49.99,44.99
9358,59.99,54.99
8828,16.99,13.99
3363,16.99,13.99
8437,49.99,
3758,26.99,19.99
3784,14.99,11.99
5212,26.99,19.99
192,38.99,35.99
3532,27.99,
3324,54.99,
3347,44.99,39.99
3534,27.99,
284,81.99,77.99
283,61.99,57.99
3425,24.99,21.99
3457,40.99,34.99
3617,24.99,21.99
3658,61.99,58.99
3763,29.99,
7992,6.99,
883,499.99,
3949,7499.99,
3654,56.99,53.99
3764,28.99,
7995,6.49,
6608,89.99,
6600,79.99,74.99
5833,69.99,
3084,14.99,
3650,53.99,48.99
3733,119.99,109.99
3762,5.99,
3788,27.99,
4979,79.99,
2925,29.99,27.99
4034,39.99,
2907,34.99,
2988,29.99,24.99
4199,24.99,22.99
4349,17.99,15.99
4313,29.99,26.99
8986,17.99,15.99
3945,19.99,17.99
273,24.99,22.99
3626,14.99,
3915,14.99,
649,39.99,
3984,44.99,41.99
8238,35.99,30.99
8284,41.99,39.99
8412,49.99,
8454,38.99,32.99
8444,29.99,23.99
3941,39.99,
3009,54.99,52.99
3246,8.79,
561,31.99,28.99
3050,8.99,
3047,27.99,24.99
3243,13.99,10.99
3244,6.99,5.99
3643,12.49,9.49
3004,299.99,
3174,34.99,
3905,24.99,22.99
1692,19.99,
1961,34.99,32.99
3687,5.99,4.99
3684,11.99,9.99
3773,32.99,29.99
3696,12.49,10.49
3726,5.99,
3746,12.99,
3379,32.99,
3598,13.99,11.99
3768,5.99,4.99
3769,10.99,8.99
3483,16.99,14.99
3963,21.99,
3635,15.99,12.99
3180,22.99,18.99
3511,12.99,10.99
513,31.99,28.99
3681,29.99,
3703,5.99,
3676,39.99,34.99
3522,15.99,12.99
3899,3.99,
3827,12.99,
3695,13.99,11.99
3153,19.99,17.99
3329,18.99,15.99
3826,24.99,19.99
3834,15.99,11.99
388,14.49,
3859,8.99,
3876,22.99,18.99
3878,12.99,
3879,12.99,10.99
3595,15.99,
3593,26.99,
3102,20.99,
3176,29.99,27.99
3815,28.49,27.99
3248,29.99,
3612,10.99,8.99
3745,4.99,
3040,24.99,
3295,11.99,
3405,32.99,
8424,26.99,
8108,54.99,
2984,39.99,36.99
3883,24.99,22.99
3929,49.99,42.99
5808,59.99,52.99
7127,49.99,44.99
3998,19.99,
3870,39.99,
934,39.99,
1575,16.99,
3663,16.99,13.99
3960,13.99,
175,41.99,
8469,26.99,
8474,41.99,
8476,14.49,
8442,14.49,
8472,26.99,
8473,41.99,
8458,39.99,34.99
6433,59.99,54.99
6232,139.99,129.99
6402,51.99,44.99
6477,9.99,
3394,39.99,
3884,39.99,37.99
3918,44.99,42.99
3818,34.99,29.99
3794,39.99,36.99
8218,34.99,31.99
2026,21.99,18.99
8189,34.99,31.99
4334,39.99,34.99
4386,49.99,44.99
8395,61.99,54.99
8398,53.99,46.99
8393,56.99,49.99
4580,29.99,
3472,19.99,
8154,24.99,
2904,45.99,
6390,39.99,33.99
2482,99.99,89.99
8059,31.99,27.99
8057,21.99,19.99
998,32.99,24.99
8144,39.99,29.99
3460,58.99,
3805,16.99,
7891,54.99,
7909,59.99,
3528,44.99,40.99
5205,39.99,33.99
3923,133.99,
3107,66.99,
3800,56.99,
3790,48.99,
3925,52.99,
9256,35.99,32.99
5090,14.99,12.99
3314,29.99,26.99
4767,29.99,26.99
8275,36.99,28.99
8273,31.99,21.99
525,80,42.99
921,42.99,39.99
3970,9.29,
8128,34.99,
3924,26.99,
3921,26.99,
6495,16.99,13.99
4606,139.99,
3944,44.99,
8190,15.99,
247,199.99,
8221,79.99,
8237,99.99,
3947,50.99,45.99
7219,45.99,
63,43.99,38.99
996,299.99,
62,41.99,36.99
3450,27.99,
3410,22.99,16.99
9066,39.99,31.99
3632,28.49,
3505,,
3204,24.99,21.99
3529,17.99,
3452,8.29,6.99
3909,24.99,
3983,,
3893,9.99,
3896,3.29,
3894,15.49,11.99
3637,5.29,
3880,15.99,12.99
3666,24.99,
3939,31.99,29.99
3390,34.99,
3989,17.99,15.99
3996,17.99,15.99
3967,,
3660,27.99,24.99
3218,14.99,12.99
3237,29.99,
3420,12.99,10.99
7374,12.99,10.99
3154,12.99,10.99
7198,12.99,10.99
3161,12.99,10.99
9037,24.99,
567,28.99,
3354,14.99,
3545,38.99,31.99
3549,26.99,
1730,29.99,
3485,22.99,18.99
3310,6.99,
3502,12.99,
3512,20.99,16.99
3524,27.49,19.99
3476,22.99,19.99
3527,34.99,29.99
3755,,
3062,24.99,
3272,22.99,17.99
7590,19.99,
3573,99.99,
3443,9.99,
3936,24.99,22.99
3938,19.99,
8112,29.99,23.49
3578,59.99,49.99
3455,19.99,
3356,6.99,5.99
3804,12.99,
3913,22.99,17.99
3335,10.99,
3456,21.99,17.99
3802,24.99,
3808,14.99,
3376,39.99,
3979,,
3731,19.99,17.99
3235,19.99,17.99
3724,19.99,17.99
3728,31.99,24.99
8050,19.99,16.99
8102,29.99,24.99
3085,7.99,
3760,19.99,17.99
3890,19.99,17.99
3584,19.99,17.99
3364,29.99,24.99
3462,19.99,17.99
3591,19.99,17.99
3640,22.99,
3891,22.99,
3296,22.99,
3233,22.99,
3458,28.99,19.99
3564,56.99,
3761,56.99,
3767,15.49,
3798,28.99,24.99
3033,15.49,
3086,56.99,
3352,28.99,24.99
3046,56.99,
3072,28.99,24.99
3316,15.49,
3579,15.49,
3652,56.99,
3704,28.99,24.99
3042,15.49,
3100,56.99,
3397,28.99,24.99
3577,23.99,19.99
361,24.99,19.99
3194,27.99,24.99
3185,46.99,
3830,27.99,24.99
3831,3.99,
3199,46.99,
3961,27.99,24.99
3778,46.99,
3782,27.99,24.99
3139,27.99,24.99
3495,38.99,
3020,12.99,10.99
3737,15.99,
3325,12.99,10.99
3706,20.99,16.99
3368,20.99,16.99
6670,12.99,10.99
3367,12.99,10.99
3221,12.99,10.99
3045,12.99,10.99
3385,20.99,16.99
3158,20.99,16.99
3231,12.99,10.99
676,12.99,10.99
3351,20.99,16.99
3039,19.99,
3427,29.99,24.99
3487,19.99,
3680,29.99,24.99
3683,19.99,
3630,29.99,24.99
3694,19.99,
3656,29.99,24.99
3689,19.99,
3806,12.99,9.99
3220,22.99,18.99
3875,12.99,10.99
3150,12.99,
3285,9.99,
3133,12.99,
3981,14.99,11.99
3779,14.99,
3765,,
77,14.99,
3766,14.99,
79,14.99,
3829,14.99,11.99
3725,14.99,
3780,14.99,
168,14.99,11.99
3781,14.99,11.99
450,27.99,24.99
4876,,
2130,32.99,29.99
2498,52.99,43.99
2487,44.99,35.99
2191,19.99,
2444,34.99,29.99
2790,32.99,
2593,34.99,29.99
2653,44.99,
2652,44.99,39.99
2902,49.99,
2716,69.99,
2572,52.99,
1464,27.99,25.99
2495,92,58.99
2059,37.99,
6227,29.99,24.99
8918,34.99,32.99
8976,29.99,
2939,19.99,
2142,17.99,15.99
2975,17.99,15.99
2880,15.99,
2525,17.99,15.99
2514,17.99,15.99
4053,17.99,15.99
2458,29.99,22.99
2598,19.99,16.99
1637,12.99,10.99
2781,59.99,
2025,70,18.99
4760,17.99,
6105,23.99,19.99
6206,12.99,10.99
6855,23.99,19.99
6150,23.99,19.99
6980,23.99,19.99
686,23.99,19.99
6193,23.99,19.99
6102,23.99,
6115,23.99,19.99
680,23.99,19.99
2446,39.99,
1715,21.99,18.99
1762,16.99,
2215,18.99,
2097,21.99,
1738,21.99,18.99
1733,16.99,
1725,21.99,18.99
6560,18.99,15.99
3172,15.99,12.99
3515,24.99,19.99
3375,15.99,12.99
4818,15.99,12.99
3412,15.99,9.99
4817,15.99,12.99
3754,12.99,
918,14.49,
3736,12.99,
3820,22.99,19.99
3836,12.99,
3610,12.99,
3877,12.99,
7130,22.99,19.99
3054,12.99,10.99
3580,12.99,
3583,22.99,19.99
3835,12.99,
3840,22.99,19.99
3693,12.99,
3743,12.99,
3503,12.99,
3252,12.99,10.99
3372,12.99,10.99
3882,12.99,
3396,22.99,19.99
3821,12.99,
3871,12.99,
7143,22.99,19.99
3104,12.99,10.99
3145,39.99,
3464,17.99,
3546,21.99,17.99
3542,21.99,17.99
3041,10.99,8.99
3038,10.99,8.99
482,24.99,21.99
3625,19.99,17.99
3627,13.99,
8068,31.99,24.99
3709,22.99,13.99
3668,55.99,42.99
3168,25.99,23.99
115,29.99,27.99
3651,3.99,
3682,26.99,
3667,19.99,17.99
3679,26.99,19.99
3699,44.99,39.99
3025,15.49,
3286,56.99,
3513,28.99,24.99
3973,229.99,
3289,59.99,
426,7.99,
3212,99.99,
3409,49.99,44.99
3279,39.99,32.99
3521,23.99,19.99
3614,22.99,
126,32.99,
3847,3.99,
3851,15.99,
3857,57.99,49.99
3858,27.99,23.49
3209,24.99,19.99
3306,44.99,39.99
3319,29.99,27.99
1883,17.99,
1886,10.99,
2579,24.99,22.99
1864,39.99,
2011,39.99,
1282,29.99,27.99
2042,86,44.99
743,49.99,
1347,42.99,39.99
8676,74.99,
1345,41.99,37.99
1281,17.99,
2810,59.99,55.99
2794,17.99,
1398,56.99,
2349,99.99,
1239,54.99,50.99
1920,29.99,
2252,,
1767,24.99,
2780,41.99,39.99
1424,15.99,13.99
8178,28.99,
8778,50.99,47.99
2838,47.99,44.99
2843,47.99,44.99
2467,39.99,30.99
2189,29.99,24.99
2879,34.99,
2245,42.99,39.99
8295,39.99,
8289,59.99,
2973,29.99,27.99
1323,19.99,17.99
2106,129.99,
2136,28.99,
1210,34.99,
1178,11.49,
1180,20.99,15.99
3089,13.99,
3863,24.99,19.99
1186,27.99,25.99
8626,19.99,17.99
8693,10.99,
2083,39.99,
1779,64.99,
2080,69.99,
2890,31.99,27.99
1094,44.99,41.99
1386,22.99,
515,39.99,34.99
2992,49.99,
2814,44.99,
2878,44.99,
2043,34.99,29.99
2214,36.99,33.99
4639,79.99,
3134,99.99,
2086,79.99,
1498,99.99,
1269,31.99,25.99
1271,54.99,49.99
2085,15.99,13.99
807,19.99,17.99
1375,16.99,14.99
1376,28.99,22.99
1378,9.49,
1249,27.99,25.99
1962,16.99,14.99
1258,24.99,22.99
1278,38.99,35.99
1273,31.99,
2226,41.99,36.99
2290,26.99,24.99
1373,16.99,14.99
1377,27.99,25.99
1397,16.99,14.99
2373,16.99,14.99
1399,39.99,36.99
1964,34.99,
1379,16.99,14.99
1698,129.99,
1346,35.99,30.99
1348,18.99,
1355,3.99,
1358,64.99,
1468,46.99,41.99
8296,31.99,29.99
1226,27.99,24.99
1993,22.99,20.99
1382,41.99,39.99
1385,30.99,27.99
1394,16.99,
1737,52.99,
1309,61.99,
2640,44.99,41.99
1274,44.99,
2167,34.99,
1395,8.99,7.99
1396,15.99,
1897,24.99,
1744,24.99,21.99
1828,29.99,
1415,15.99,13.99
1135,24.99,
1174,21.99,19.99
2695,,
2708,14.99,11.99
661,16.99,14.99
1388,27.99,24.99
2354,99.99,
2818,34.99,32.99
2116,44.99,42.99
1714,27.99,
1130,47.99,45.99
8581,49.99,
2484,52.99,
1479,14.99,
2782,49.99,
178,29.99,27.99
1781,54.99,49.99
2014,22.99,
2647,59.99,52.99
8085,35.99,31.99
8187,19.99,
8107,39.99,34.99
8379,11.99,
8387,23.99,21.99
408,19.99,17.99
8408,38.99,35.99
8010,54.99,
2308,19.99,
1676,149.99,
8677,38.99,
1220,35.99,
2062,65.99,60.99
5005,44.99,
2518,55.99,50.99
1051,99.99,89.99
1465,18.99,
1404,99.99,
2294,104.99,
1425,27.99,
2265,28.99,
2912,19.99,16.99
2550,24.99,22.99
2156,39.99,36.99
2123,79.99,
1812,299.99,
1380,50.99,47.99
1384,28.99,
1623,15.99,13.99
2491,49.99,40.99
2795,26.99,
2841,34.99,
3378,58.99,
2812,44.99,
2994,49.99,
1050,44.99,
2079,49.99,46.99
2822,32.99,29.99
2655,34.99,29.99
757,20.99,18.99
2412,24.99,21.99
1359,31.99,
1484,60.99,55.99
2949,115.99,94.99
2678,44.99,41.99
1515,16.99,
2008,25.99,19.99
2259,29.99,26.99
2974,29.99,
2366,39.99,34.99
2549,44.99,41.99
2547,6.99,
1655,198.99,
2208,79.99,69.99
2554,114.99,109.99
2531,75.99,69.99
2871,41.99,37.99
171,54.99,49.99
1535,3.99,
1545,31.99,
1595,15.99,13.99
165,29.99,
1927,69.99,64.99
405,41.99,37.99
1064,26.99,22.99
811,31.99,27.99
1231,12.99,10.99
1232,,
1233,42.99,37.99
1295,3.99,
2131,12.99,
1722,449.99,
1237,49.99,44.99
1276,4.99,
1906,25.99,22.99
1550,3.99,
1770,41.99,37.99
1789,,
1955,12.99,10.99
2015,26.99,22.99
2760,42.99,37.99
441,49.99,
2432,26.99,22.99
2436,14.99,
8680,46.99,39.99
2392,69.99,
2496,52.99,
2499,29.99,
305,27.99,
1489,59.99,
1532,25.99,
2466,46.99,
2476,26.99,
2468,29.99,
2255,46.99,39.99
2418,26.99,
2494,46.99,
2435,40.99,
2327,,
2438,72.99,
2453,5.99,
2244,26.99,
2433,131.99,
2675,46.99,44.99
2171,29.99,19.99
2443,20.99,
2445,11.99,
2448,15.99,
2114,15.99,12.99
8155,5.49,4.99
2689,18.99,
2690,11.99,
2105,11.99,
2117,8.99,
858,14.99,11.99
2120,19.99,14.99
8619,6.99,5.99
2122,10.99,
2161,22.99,19.99
2644,84.99,74.99
2198,38.99,34.99
100,169.99,
2656,31.99,
2658,17.99,15.99
2611,56.99,51.99
2624,69.99,64.99
2622,29.99,24.99
2258,16.99,12.99
2614,59.99,54.99
2628,34.99,31.99
2663,39.99,29.99
2665,23.99,
2668,13.99,11.99
824,26.99,
3413,274.99,
2607,23.99,21.99
2711,19.99,
2897,69.99,
2722,21.99,
2723,34.99,
2751,19.99,
2752,39.99,35.99
2753,69.99,61.99
1989,39.99,35.99
2748,369.99,
2767,221.99,
2604,99.99,
2287,42.99,
2570,84.99,79.99
2721,86,64.99
3497,99.99,
2755,24.99,
2757,39.99,29.99
2759,13.99,
2054,43.99,
8727,32.99,29.99
2609,29.99,24.99
2047,39.99,34.99
2926,29.99,27.99
1634,39.99,29.99
1639,22.99,
2590,46.99,
2922,69.99,
2906,109.99,99.99
6904,74.99,
1748,17.99,14.99
1760,28.99,24.99
8480,18.99,
1845,17.99,
1734,24.99,19.99
2676,17.99,13.99
2713,16.99,13.99
2749,16.99,
2783,16.49,13.99
2834,19.99,16.99
2894,17.99,
2956,14.99,
2923,74.99,
2517,74.99,
2082,109.99,
2295,89.99,
2368,149.99,
2738,599.99,
717,999.99,
2247,224.99,209.99
2194,24.99,21.99
4300,179.99,
1361,189.99,
2815,59.99,55.99
2979,49.99,44.99
2204,429.99,
2639,75.99,71.99
2638,129.99,
2826,39.99,37.99
2888,99.99,
1176,1999.99,
1860,69.99,64.99
2739,49.99,
2333,54.99,49.99
759,62.99,59.99
2602,59.99,
1185,119.99,
2591,43.99,
1193,799.99,
2454,59.99,
2856,59.99,
2329,54.99,49.99
2958,62.99,
1217,449.99,
1657,69.99,
2235,37.99,34.99
2552,42.99,37.99
2237,59.99,54.99
2837,45.99,
2564,,
2942,39.99,
2693,13999.9,
2137,44.49,40.49
2030,34.99,
2218,63.99,57.99
2035,21.99,
2740,96.99,91.99
3292,169.99,
2347,92,67.99
2733,78.99,
2957,39.99,35.99
2125,54.99,49.99
8385,3499.99,
2535,179.99,
2827,499.99,
1228,104.99,94.99
2967,63.99,58.99
1921,77.99,69.99
8021,47.99,42.99
8078,21.99,
1045,49.99,
1740,59.99,
2692,41.99,34.99
1133,31.99,
2694,53.99,
2618,98.99,
942,66.99,
2619,69.99,
2606,115.99,105.99
2893,56.99,
2610,189.99,
2928,99.99,
2051,80,54.99
2207,59.99,
2787,46.99,43.99
2940,89.99,
1494,85.99,
2986,69.99,
2954,54.99,49.99
2946,99.99,
2882,139.99,
2982,79.99,69.99
2439,299.99,
2421,349.99,
2770,44.99,
1342,99.99,
2568,64.99,
2109,92.99,
1868,76.99,
2173,,
2121,10.99,
2254,14.99,12.99
2157,14.99,12.99
2196,13.99,11.99
2127,12.99,10.49
2149,7.99,6.99
2143,15.99,12.99
2100,10.99,9.99
2212,13.99,10.99
2492,54.99,
2132,14.49,12.99
2915,21.99,
2110,49.99,
2852,40.99,
1875,29.99,
2859,21.99,19.99
2595,19.99,15.99
2159,44.99,
2230,49.99,
2119,89.99,84.99
2034,32.99,28.99
2563,49.99,
2729,24.99,
1817,27.99,21.99
1890,59.99,
999,129.99,
2932,35.99,31.99
2756,31.99,29.99
2521,99.99,94.99
800,32.99,30.99
2585,27.99,23.99
2587,18.99,17.49
2589,47.99,39.99
2660,299.99,
7111,69.99,64.99
1862,28.99,25.99
3387,39.99,
1788,39.99,
1835,36.99,31.99
1876,159.99,154.99
2951,43.99,
2952,24.99,22.99
2917,21.99,
3620,42.99,39.99
2041,99.99,94.99
1667,249.99,
2017,71.99,66.99
2737,39.99,34.99
2715,49.99,
2796,59.99,
2876,39.99,32.99
7017,34.99,31.99
2847,39.99,
2374,47.99,39.99
2398,26.99,21.99
2801,39.99,
233,46.99,42.99
2937,69.99,
2410,54.99,
1836,34.99,
2808,34.99,29.99
1727,24.99,21.99
2145,21.99,16.99
2617,99.99,
2540,22.49,
3398,62.99,
2623,33.99,28.99
2717,62.99,
2331,35.99,
2908,69.99,67.99
2886,62.99,59.99
2889,33.99,
2645,36.99,31.99
2646,66.99,56.99
2648,17.99,15.99
2742,,
80,,
1106,249.99,
1728,64.99,59.99
290,79.99,74.99
1758,44.99,41.99
2369,69.99,64.99
2686,41.99,37.99
2965,46.99,43.99
384,74.99,
2911,109.99,
2870,109.99,
2016,99.99,
664,78.99,
2839,39.99,36.99
2816,47.99,
2821,39.99,37.99
7951,,
2933,53.99,
2151,36.99,
1956,62.99,54.99
2788,49.99,44.99
2800,81.99,
2842,499.99,
2746,74.99,
2661,74.99,70.99
1832,128.99,
2769,59.99,
2270,79.99,
2899,54.99,44.99
2696,39.99,
2183,21.99,19.99
2182,21.99,19.99
2155,39.99,
2868,109.99,
2625,65.99,
2160,,
2734,68.99,
2636,68.99,62.99
1869,63.99,
1891,99.99,
1870,79.99,
1848,59.99,
2630,41.99,37.99
2862,36.99,
1245,399.99,
1893,64.99,59.99
1251,3699.99,
2916,68.99,
2631,73.99,69.99
5699,144.99,
5476,104.99,
5623,141.99,
5508,129.99,
5710,271.99,
2924,26.99,23.99
2246,21.99,18.99
2029,73.99,68.99
2854,59.99,
2935,124.99,
1798,69.99,
2772,52.99,
1263,1199.99,
2534,67.99,64.99
2490,99.99,
2504,179.99,
2863,49.99,
2682,57.99,52.99
2555,89.99,
1238,4.99,
8000,77.99,69.99
8338,21.99,19.99
8339,48.99,43.99
2426,64.99,54.99
1896,114.99,109.99
2088,299.99,
592,199.99,189.99
2944,52.99,49.99
1880,77.99,72.99
2474,38.99,
2118,199.99,
2522,55.99,
2512,34.99,
2520,59.99,
2532,146.99,
2530,249.99,
2989,259.99,
8070,319.99,
368,1559.99,
2166,59.99,
2096,99.99,
2960,119.99,
1991,5324.99,
2312,99.99,
2945,299.99,
1746,34.99,
2050,79.99,
2680,59.99,
1253,64.99,
1248,64.99,
1215,64.99,
2991,54.99,49.99
2997,89.99,
43922,8.99,
43920,11.99,
43923,11.99,
43918,11.99,
43919,11.99,
37121,12.99,
39491,13.99,
753,19.99,
12111,15.99,
46826,14.99,
14382,15.99,
16669,12.99,
18813,11.99,
18812,12.49,
16670,11.99,
19556,13.99,
19557,13.99,
25125,12.49,
25126,9.99,
22297,9.99,
15980,12.99,
17349,13.99,
18837,12.99,
17350,13.99,
16568,12.99,
15979,12.99,
18534,27.99,
12086,13.99,
11480,14.99,
32809,12.99,
24022,14.99,
24024,19.99,
24152,13.49,
21783,13.49,
18800,11.99,
42115,22.49,
35318,11.49,
18562,14.49,
16996,19.99,
14383,15.99,
24937,17.49,
22298,12.49,
24922,15.49,
24939,18.99,
24921,15.49,
18533,14.99,
18535,27.99,
21752,12.99,
21784,12.99,
37083,11.49,
42117,14.49,
35319,17.49,
42118,10.49,
22566,15.99,13.99
14381,15.99,
18879,14.99,
24938,15.99,
23185,17.99,
6448,10.49,8.99
6281,14.99,12.99
6782,15.99,14.99
43237,29.99,26.99
18768,14.99,11.99
24669,59.99,
16174,35.99,
23041,42.99,34.99
15322,29.99,
43184,15.99,
42764,11.99,9.99
42601,10.99,8.99
25711,19.99,15.99
23130,72.99,
27350,17.99,15.99
11164,79.99,
24825,79.99,
19572,79.99,
16971,16.99,14.99
22813,19.99,
28954,46.99,38.99
14120,49.99,45.99
16557,29.99,27.99
25697,69.99,
46942,29.99,
38542,11.99,9.99
38541,19.99,17.99
16440,34.99,
32988,6.29,
32989,11.99,
34431,17.99,15.99
8233,24.99,
6974,18.99,16.99
15205,39.99,34.99
42884,154.99,149.99
31201,11.99,9.99
33037,21.99,18.99
8700,34.99,29.99
24109,49.99,
24696,149.99,
15138,29.99,24.99
32675,10.99,6.99
27735,13.99,10.99
26732,16.99,13.99
15251,4.79,3.99
25531,24.99,19.99
15264,13.99,10.99
26592,19.99,
25637,39.99,35.99
24493,26.99,23.99
25462,32.99,
11456,39.99,36.99
11396,16.99,14.99
6398,10.99,8.99
11321,119.99,
11488,12.99,10.99
11499,30.99,26.99
41219,99.99,
18742,24.99,22.99
13948,89.99,84.99
13949,82.99,
24422,194.99,
42785,99.99,
18507,64.99,
22473,129.99,
14105,114.99,
13229,99.99,
10239,16.99,14.99
27325,14.99,
25776,38.99,
685,49.99,
15891,11.99,
21103,11.99,
19848,,
9.99,,
35605,,
23100,,
11214,,
16932,,
16931,,
14682,,
14389,,
25225,,
39971,,
37047,,
19740,,
41253,,
21475,,
8838,,
21384,,
43590,,
25727,,
25728,,
13636,,
46762,,
6565,,
27514,,
29431,,
6451,,
39437,,
13620,,
31194,,
11825,,
2015,,
22264,49.99,
21034,59.99,55.99
43193,8.99,
24483,54.99,
37849,95.99,
17876,10.99,7.99
26966,11.99,9.99
23103,129.99,
12387,18.99,14.99
11775,224.99,
11774,224.99,
11776,224.99,
24863,23.99,
25838,22.99,19.99
43873,72.99,67.99
14672,22.99,19.99
23107,169.99,
17087,89.99,
36868,129.99,
37342,74.99,
22353,49.99,
25802,13.99,11.99
26160,21.99,
43379,15.99,10.99
14363,27.99,25.99
19001,31.99,28.99
17368,49.99,46.99
39228,54.99,44.99
6599,15.99,12.99
10058,17.99,
28980,154.99,
15230,59.99,49.99
41787,32.99,
22801,15.99,12.99
37923,13.99,11.99
44838,42.99,37.99
41030,19.99,16.99
25621,10.99,7.99
24455,24.99,20.99
26995,55.99,
16794,21.99,18.99
11460,43.99,39.99
24670,69.99,
34427,24.99,18.95
36843,18.99,15.99
37541,57.99,52.99
24572,49.99,
24574,49.99,
6734,10.99,9.99
24788,18.99,15.99
12479,17.99,12.99
46379,22.99,13.99
19581,29.99,26.99
24753,13.99,10.99
16351,20.99,18.99
23095,8.99,6.99
46734,12.99,8.99
25317,49.99,
42399,11.99,9.99
15357,12.99,9.99
25714,69.99,
36648,67.99,59.99
15161,99.99,
19037,17.99,
16819,14.99,11.99
27330,14.99,
45298,56.99,51.99
16355,159.99,
16431,12.99,9.99
6783,15.99,
20475,11.99,9.99
19489,13.99,11.99
41990,59.99,56.99
38241,56.99,
24013,25.99,
11333,15.99,13.99
35375,34.99,31.99
34014,62.99,59.99
24088,19.99,17.99
20948,84.49,79.49
25883,39.99,35.99
82,,
24489,23.99,20.99
23875,54.99,49.99
20023,79.99,74.99
19554,10.99,8.99
44337,14.99,12.99
31075,29.99,
6983,18.99,14.99
39517,34.99,30.99
22448,20.99,17.99
17866,14.99,11.99
21771,34.99,
26225,129.99,
12771,16.99,12.99
26943,49.99,
43872,28.99,18.95
10051,63.99,
11219,18.99,12.95
26571,39.99,
38888,31.99,27.99
45297,144.99,
24286,25.99,23.99
6351,19.99,17.99
19419,10.99,9.99
25557,17.99,
24703,36.99,30.99
21027,119.99,114.99
27056,18.99,16.99
37910,79.99,
25417,23.99,21.99
38898,34.99,29.99
38899,16.99,13.99
38897,30.99,24.99
24930,42.99,
43662,33.99,30.99
21010,64.99,
19672,49.99,
14838,17.99,15.99
16610,12.99,10.99
13427,29.99,27.99
23739,15.99,11.95
23388,14.99,
10451,11.99,9.99
23161,29.99,
22053,324.99,
22052,324.99,
19583,324.99,
22054,324.99,
22022,34.99,
22270,42.99,39.99
41062,19.99,
40559,13.99,
12192,64.99,59.99
17163,14.99,10.99
39774,29.99,27.99
21523,55.99,
25284,69.99,34.99
29371,32.99,29.99
16781,73.99,69.99
12945,12.99,9.99
20343,15.99,13.99
25108,47.99,
39410,11.99,9.99
24297,13.99,10.99
22914,32.99,
19571,71.99,
25992,14.99,
47090,28.99,23.99
28258,7.99,
44493,49.99,45.99
16678,93.99,
13363,19.49,16.99
41575,60.99,55.99
44650,104.99,
44653,104.99,
44334,14.99,11.99
18564,34.99,26.99
17308,23.99,21.99
18578,89.99,
43092,24.99,22.99
15645,28.99,
24423,124.99,
22073,229.99,
24786,249.99,
26376,41.99,
14328,99.99,
25577,24.99,13.99
10606,13.99,10.99
46628,16.99,13.99
21194,425.99,
21737,269.99,
41588,119.99,
41589,49.99,
21195,249.99,
24282,329.99,
26390,7.99,
22701,178.99,
43481,34.99,
43434,28.99,24.99
11187,56.99,
16728,21.99,19.99
18974,64.99,54.99
24427,115.99,
20167,15.99,13.99
26891,17.99,13.99
37419,39.99,
44102,54.99,
8345,7.99,6.99
8504,13.99,9.99
39598,7.99,
8892,30.99,25.99
27212,59.99,54.99
25269,10.99,6.98
33682,20.99,
25519,13.99,11.99
44992,125.99,119.99
25604,94.99,
11055,56.99,
25602,189.99,
25877,14.99,11.99
38850,10.99,7.99
14666,19.99,17.99
22796,99.99,
45503,11.99,9.99
41143,11.99,
19660,19.99,
35664,11.99,9.99
38178,7.99,
41985,52.99,
13109,155.99,
898,94.99,
21280,72.99,
8781,21.99,16.99
46985,27.99,
21281,54.99,49.99
19315,74.99,
33028,59.99,54.99
20252,59.99,
20253,34.99,29.99
32090,24.99,19.99
25567,71.99,37.99
25512,45.99,
25467,24.99,
17329,16.99,14.99
15009,22.99,19.99
8149,19.99,
11915,34.99,32.99
25458,22.99,
18098,244.99,
18099,460.99,
44547,79.99,69.99
10402,539.99,
43362,114.99,109.99
12139,219.99,
46934,19.99,17.99
24662,23.99,19.99
32924,56.99,44.99
43638,105.99,
22143,22.99,18.99
38406,31.99,23.99
16205,19.99,16.99
11821,19.99,16.99
39691,25.99,21.99
24526,48.99,
11957,11.99,9.99
46021,15.99,12.99
26104,174.99,
23591,74.99,
24188,18.99,15.99
21469,38.99,33.99
25009,79.99,
37568,185.99,
35464,56.99,47.99
37421,244.99,164.99
37422,125.99,
39461,125.99,104.99
35959,59.99,
14683,104.99,
25561,19.99,9.99
26319,12.99,9.99
8921,22.99,18.99
32906,14.99,9.95
26779,12.99,9.99
17323,34.99,
26580,49.99,21.99
23253,39.99,19.99
6269,9.99,
25522,5.99,
33210,8.49,
22455,15.99,
17326,32.99,24.99
11926,13.99,
17209,19.99,15.99
16260,14.99,11.99
15265,7.99,5.99
19041,12.99,10.99
17912,10.99,
26013,,
38441,13.99,10.99
19265,79.99,77.99
23649,14.99,12.99
22665,57.99,53.99
26882,79.99,
23410,69.99,
31971,11.99,8.99
23413,69.99,
37387,33.99,29.99
22625,19.99,15.99
36826,47.99,43.99
24990,69.99,
23278,54.99,51.99
34133,12.99,10.99
14289,19.99,14.99
24592,7.99,
21552,23.99,19.99
18638,27.99,24.99
19453,16.99,13.99
40965,29.99,24.99
33370,41.99,38.99
40605,69.99,
29996,19.99,16.99
6529,39.99,34.99
20862,17.99,14.99
10676,42.99,
26028,19.99,
25524,19.99,14.99
42765,11.99,9.99
42602,10.99,8.99
44233,11.99,
18568,11.99,
44620,16.99,13.99
24424,31.99,
24170,39.99,
22725,24.99,
6592,8.99,
27351,17.99,15.99
41070,14.99,12.99
14121,34.99,30.99
32545,19.99,15.99
25411,38.99,
24014,13.99,
13268,8.99,5.99
31488,6.29,
31489,11.99,
14475,12.99,10.99
6869,14.99,11.99
8704,19.99,
31119,49.99,44.99
10254,6.99,
17176,12.99,9.99
31202,11.99,9.99
33038,21.99,18.99
20410,38.99,
16328,4.99,3.99
40097,22.99,18.99
15137,18.99,15.99
27808,10.99,6.99
13594,13.99,11.99
6245,10.99,
23143,11.99,9.99
24419,14.99,11.99
39356,19.99,17.99
15252,4.79,3.99
20533,14.99,12.99
25143,59.99,
25145,34.99,
10931,13.99,10.99
25265,42.99,
26383,19.99,11.99
11397,14.99,12.99
15094,17.99,14.99
17504,16.99,14.99
22531,10.99,8.99
11141,12.99,10.99
23904,21.99,18.99
18744,19.99,16.99
25653,29.99,
12181,37.99,
13082,54.99,
25255,21.99,19.99
25444,40.99,
17978,10.99,7.99
22584,21.99,17.99
21502,18.99,
17932,85.99,
15528,16.99,14.99
27328,14.99,
44106,17.99,14.99
24515,13.99,10.99
35606,12.99,9.99
21586,46.99,
37048,49.99,44.99
23229,24.99,14.99
6688,13.99,9.99
19636,19.99,11.99
28223,19.99,15.99
8815,11.99,9.49
21385,21.99,17.99
39648,16.99,13.99
21576,22.99,19.99
26739,44.99,39.99
26280,32.99,15.99
25730,34.99,29.99
13637,13.99,11.99
24621,15.99,12.99
6479,12.99,8.99
19748,21.99,
27515,15.99,13.99
29433,26.99,22.99
35075,13.99,
27817,29.99,27.99
28138,12.99,9.99
6460,8.99,6.99
13576,14.99,11.99
22274,19.99,16.99
11826,11.99,7.49
24498,29.99,24.99
23886,13.99,11.99
25589,16.99,9.99
418,49.99,
17875,10.99,7.99
26890,24.99,19.99
25649,11.99,9.99
25647,22.99,17.99
15355,19.99,17.99
14209,23.99,
17529,49.99,43.99
23233,32.99,
22524,33.99,29.99
36989,13.99,10.99
23871,34.99,
20772,38.99,
25808,14.99,9.99
19249,18.99,15.99
25105,46.99,
18587,39.99,
26854,43.99,
6647,11.99,8.99
17910,11.99,9.99
31915,15.99,12.99
13143,17.99,
14433,12.99,10.99
20160,17.99,14.99
12079,14.99,11.99
24576,34.99,
24503,74.99,69.99
24486,18.99,
26948,24.99,20.99
14688,39.99,35.99
29810,19.99,15.99
6385,15.99,8.99
14096,35.99,
15292,7.99,5.99
15233,54.99,44.99
21339,99.99,
25622,10.99,7.99
33075,16.99,
36199,13.99,
24456,18.99,15.99
26994,35.99,
34428,21.99,14.95
36844,15.99,12.99
37542,32.99,
24096,6.99,
16792,30.99,24.99
6735,10.99,9.99
13245,54.99,
23194,31.99,
6566,12.99,9.99
46380,22.99,13.99
37126,22.99,19.99
6349,8.99,6.99
8523,4.99,
26219,18.99,16.99
10357,10.99,7.99
42401,11.99,9.99
25716,49.99,39.99
31120,31.99,28.99
27331,14.99,11.99
16428,12.99,9.99
26431,16.99,12.99
42403,21.99,
11340,15.99,12.99
29489,24.99,21.99
24086,14.99,12.99
46422,11.99,9.99
13530,29.99,17.99
26317,21.99,17.99
22657,28.99,
29696,20.99,
6579,13.99,12.74
39518,27.99,24.99
23022,15.99,12.99
26224,59.99,
12772,15.99,13.99
26944,31.99,
13978,49.99,34.99
45845,21.99,17.99
13665,16.99,12.95
25113,36.99,
15105,13.99,10.99
6570,13.99,11.99
21208,18.99,16.99
19357,6.99,5.99
24704,13.99,
42677,54.99,
21367,29.99,
25419,19.99,15.99
40258,9.99,
24325,18.99,16.99
12110,17.99,15.99
15259,13.99,
45831,19.99,16.99
31277,29.99,15.99
16778,18.99,15.99
14004,14.99,12.99
36539,7.99,
35380,15.99,12.99
24996,18.99,9.99
16314,11.99,9.99
25650,13.99,10.99
13694,20.99,15.99
25963,22.99,19.99
40193,12.99,9.99
41065,18.99,16.99
21834,17.99,15.99
13097,12.99,10.49
41537,37.99,27.99
45885,21.99,19.99
6530,10.99,
39334,18.99,15.99
12946,12.99,8.99
15215,29.99,
20098,11.99,
35714,29.99,
39411,11.99,9.99
39574,37.99,33.99
31541,23.99,20.99
38681,18.99,16.99
25704,14.99,12.99
46189,19.99,16.99
28260,7.99,
23061,19.99,
36262,19.99,16.99
23345,31.99,27.99
23348,44.99,
26080,46.99,
25104,46.99,
14436,17.99,14.99
27807,6.99,
16317,13.99,10.99
19381,14.99,9.99
25740,21.99,18.99
26381,28.99,
26201,,
25578,24.99,12.99
23116,32.99,
45128,54.99,
21196,25.99,
13064,99.99,
13063,86.99,
28889,16.99,15.49
18617,15.99,13.99
24426,49.99,
26277,18.99,15.99
10722,7.99,6.99
10723,13.99,9.99
6420,7.99,6.99
6682,13.99,9.99
39599,7.99,
8113,21.99,17.99
8329,10.99,6.98
33683,20.99,
20041,62.99,
43152,37.99,
36087,37.99,
26456,10.99,7.99
24261,33.99,
24260,52.99,
41144,11.99,
19661,19.99,
35666,11.99,9.99
38179,7.99,
41978,47.99,
6742,21.99,
6249,15.99,
24787,19.99,
32826,37.99,34.99
23071,17.99,
23073,71.99,
21098,16.99,14.99
37311,11.99,
44943,29.99,15.99
25511,29.99,17.99
19247,17.99,
24527,19.99,
25693,34.99,16.99
20200,62.99,
15548,11.99,8.99
8929,14.99,12.99
14062,51.99,
21853,69.99,67.99
28580,28.99,25.99
6650,18.99,14.99
21632,10.99,8.99
15917,8.99,
23519,,
34904,12.99,
17707,12.99,
25731,24.99,22.99
26949,22.99,
44712,25.99,23.99
30735,31.99,28.99
6593,11.99,9.99
13968,15.99,13.99
6864,13.99,10.99
31083,32.99,27.99
35960,34.99,
28114,18.99,16.99
11067,17.99,15.99
32907,12.99,7.95
35914,14.99,
6241,5.99,
6256,9.99,
6876,5.99,
33212,8.49,
36620,19.99,16.99
36623,34.99,28.99
21561,25.99,22.99
19258,11.99,9.99
17325,25.99,19.99
24799,15.99,13.99
16261,14.99,12.99
42640,11.99,9.99
15266,7.99,5.99
34439,15.99,12.99
29248,13.99,9.99
23650,14.99,12.99
22662,37.99,32.99
32803,29.99,26.99
17611,14.99,
23202,12.99,9.99
6748,7.49,5.99
34134,12.99,10.99
6938,7.99,
41170,3.99,
23539,21.99,19.99
25572,27.99,14.99
25594,24.99,21.99
6359,29.99,
20863,15.99,12.99
23189,32.99,27.99
6649,15.99,12.99
44081,21.99,17.99
45839,22.99,
27831,14.99,11.99
24121,24.99,20.99
6569,25.99,19.99
21015,34.99,
6438,6.99,
25831,13.99,11.99
11336,11.99,9.99
45912,18.99,
23159,25.99,
23160,8.99,
23157,25.99,
13454,26.99,25.49
21045,27.99,
24430,9.79,
19262,29.99,
21769,9.79,
18761,15.49,
19548,31.99,
21581,34.99,30.99
24882,2.99,
6995,6.99,
46489,12.99,10.99
36749,17.99,15.99
7485,3.99,
23373,3.99,
10283,3.99,
12901,9.99,8.99
7413,8.99,
7423,8.99,
8634,8.99,
11440,15.99,14.99
15892,5.99,
7279,8.99,7.99
15156,15.99,
46816,12.99,9.99
13052,9.99,8.49
6293,11.99,9.99
44199,15.99,13.99
46829,13.99,11.99
22028,49.99,
18134,16.99,13.99
16445,19.99,
40926,4.99,
19849,6.29,
19850,11.99,
13154,16.99,14.99
7254,7.99,
34850,15.99,13.99
17145,18.99,16.99
17146,18.99,16.99
17147,18.99,15.99
21700,8.99,6.99
19488,8.99,6.99
21503,22.99,
15359,39.99,34.99
24453,25.99,22.99
27854,19.99,
24458,42.99,38.99
13244,79.99,
39689,16.49,
13899,17.99,
33982,18.99,15.99
23460,48.99,
12656,49.99,
19276,22.99,13.99
45457,10.99,7.99
16140,24.99,
932,99.99,
10400,57.99,
25007,54.99,
12147,12.99,7.95
42766,11.99,9.99
42603,10.99,8.99
21041,19.99,15.99
31186,17.99,15.99
25505,19.99,9.99
31493,6.29,
31494,11.99,
24874,14.99,12.99
17177,12.99,9.99
31203,11.99,9.99
33039,21.99,18.99
16327,4.99,3.99
40098,22.99,18.99
26092,10.99,6.99
42275,24.99,19.99
6595,11.99,7.99
32138,16.99,13.99
39357,19.99,17.99
25581,10.99,8.99
28775,12.99,10.99
32508,24.99,
18743,19.99,12.99
40136,47.99,
35607,12.99,9.99
11423,,
41254,15.99,11.99
26497,21.99,17.99
27501,27.99,23.99
38690,17.99,15.99
6581,16.99,12.99
13638,13.99,11.99
6567,12.99,8.99
32296,18.99,16.99
29434,31.99,
6174,12.99,7.95
37943,8.99,6.99
26530,8.99,
11827,11.99,7.49
24668,59.99,
23271,10.99,7.99
14471,11.99,9.99
25837,18.99,14.99
18427,22.99,19.99
44854,54.99,49.99
42052,89.99,
32303,13.99,
22107,57.99,
26821,11.99,9.99
31866,17.99,
26947,23.99,20.99
28239,15.99,12.99
25623,10.99,7.99
24846,21.99,18.99
11337,31.99,27.99
34429,20.99,16.99
35581,39.99,36.99
28919,10.99,9.99
46381,22.99,13.99
24875,8.99,6.99
10935,42.99,
16816,14.99,11.99
29691,14.99,
25699,34.99,19.99
11296,15.99,13.99
31558,18.99,14.99
25887,16.99,13.99
11249,26.99,21.99
18868,18.99,12.95
24229,45.99,
28984,22.99,20.99
6984,19.99,17.99
24705,17.99,
23425,64.99,
19122,15.99,13.99
43820,10.99,
29942,12.99,
6648,7.99,
39524,25.99,
22275,25.99,22.99
40561,12.99,11.99
37790,27.99,25.99
39412,11.99,9.99
46947,14.99,
28262,7.99,
34525,28.99,25.99
26081,62.99,
13141,13.99,10.99
31195,34.99,26.99
12089,42.99,34.99
37249,14.99,
45597,74.99,
32679,7.99,
31787,16.99,
45151,61.99,
28579,7.99,5.99
28947,13.99,9.99
39600,7.99,
23692,23.99,19.99
29212,10.99,6.98
33684,20.99,
26817,10.99,7.99
39750,11.99,
44145,11.99,9.99
35668,11.99,10.99
25733,46.99,
38180,7.99,
17346,47.99,
25994,21.99,
32827,32.99,29.99
23078,21.99,
25459,32.99,
46485,60.99,55.99
28946,38.99,29.99
34219,19.99,16.99
14663,15.99,12.99
19962,17.99,14.99
25011,38.99,
20781,17.99,14.99
6896,20.99,17.99
32908,14.99,9.95
35916,14.99,
28690,12.99,9.99
28069,9.99,
29128,5.99,
23406,17.99,15.99
23959,38.99,
33672,13.99,10.99
27233,7.49,5.99
27867,7.99,
20864,15.99,12.99
44082,16.99,13.99
29407,18.99,15.99
18857,7.99,5.99
25754,8.99,7.99
24047,8.99,
22010,9.99,8.99
21985,14.99,10.99
18107,6.29,
17867,6.99,
17041,9.99,
18593,12.99,9.99
16843,6.29,
17485,11.99,8.99
18106,11.99,
10420,6.29,
10421,11.99,
26606,14.99,5.99
31573,13.99,9.99
16469,10.99,6.99
15315,12.99,9.99
15466,11.99,9.99
13461,13.99,9.99
18369,10.99,7.99
28070,9.99,
16175,7.99,5.99
19940,13.99,10.99
10441,18.99,16.99
12165,24.99,
39282,12.99,9.99
41372,16.99,14.99
25605,34.99,
26646,17.99,15.99
10452,11.99,8.99
10603,13.99,10.99
46201,19.99,16.99
11443,10.99,8.99
17347,33.99,
46023,15.99,12.99
35962,44.99,
21428,15.99,12.99
21284,17.99,
20178,24.99,
34694,17.99,15.99
19671,10.99,8.99
43832,10.99,8.99
44037,6.29,
44038,11.99,
17065,5.99,
20791,10.99,7.99
41251,6.99,
41252,12.99,9.99
42663,11.99,9.99
10175,9.99,7.99
17748,4.99,3.99
44208,22.99,18.99
43673,10.99,8.99
42099,19.99,17.99
15255,4.79,3.99
45294,12.99,10.99
41751,12.99,8.99
39087,12.99,10.99
39717,11.99,9.99
11640,15.99,
28682,12.99,
21627,16.99,13.99
15295,7.99,5.99
12069,10.99,7.99
24153,12.99,
23479,12.99,9.99
26684,12.99,9.99
17162,12.99,8.99
12943,12.99,9.99
10422,11.99,9.99
35471,7.99,6.99
35472,13.99,9.99
39798,7.99,
39708,10.99,6.98
37527,11.99,10.99
42212,7.99,
18368,10.99,7.99
15916,8.99,
44494,12.99,
43245,12.99,
35918,14.99,
39654,9.99,
42386,8.49,
14623,7.99,5.99
19376,17.99,15.99
28736,7.49,5.99
46310,8.99,
14895,7.99,
17433,13.99,11.99
41212,16.99,14.99
12994,14.99,12.99
38473,17.99,15.99
23255,17.99,11.99
42801,15.99,
36161,11.99,8.99
25694,24.99,9.99
36991,13.99,10.99
29352,22.99,18.99
32107,15.99,12.99
42421,15.99,13.99
34825,16.99,12.99
23464,13.99,10.99
41122,24.99,
26557,21.99,18.99
19199,18.99,16.99
36267,16.99,14.99
23106,15.99,
38771,16.99,14.99
17161,11.99,8.99
15064,15.99,
23211,14.99,11.99
16315,17.99,
44234,17.99,
41213,19.99,16.99
13614,21.99,18.99
17324,13.99,
22935,69.99,
38476,26.99,23.99
15970,44.99,40.99
26197,16.99,13.99
12220,12.99,10.99
41072,16.99,13.99
15092,24.99,19.99
37049,24.99,21.99
32546,24.99,19.99
25376,38.99,
15290,8.99,5.99
19522,46.99,
14991,19.99,
12747,6.29,
13492,11.99,
22830,59.99,
22828,89.99,
45474,54.99,
42264,54.99,
19799,54.99,
20913,49.99,
31384,29.99,
32650,11.99,9.99
21019,22.99,18.99
25565,4.99,3.99
22938,24.99,19.99
37792,10.99,6.99
18381,14.99,12.99
17957,15.99,13.99
44072,13.99,11.99
21201,19.99,17.99
25503,49.99,24.99
20532,14.99,
25142,72.99,
25183,38.99,
14690,13.99,10.99
26302,32.99,
23153,16.99,14.99
8246,10.99,8.99
18741,24.99,21.99
21311,39.99,
25084,29.99,27.99
13860,55.99,
33923,90.99,
39718,65.99,
43729,70.99,
43730,59.99,
45234,95.99,
22583,23.99,19.99
11449,16.99,13.99
44107,19.99,15.99
12924,14.99,11.99
37678,12.99,9.99
21004,17.99,7.99
12450,10.99,
17865,15.99,11.99
19635,23.99,
21693,34.99,
14684,54.99,44.99
21144,21.99,18.99
23516,14.99,11.99
17756,18.99,16.99
10472,12.99,8.99
22919,22.99,18.99
40051,9.99,7.99
17085,38.99,
17084,23.99,
25705,49.99,19.99
26330,31.99,29.99
26329,38.99,
25590,15.99,8.99
14342,11.99,7.49
16634,32.99,30.99
24604,10.99,7.99
43359,44.99,39.99
27065,37.99,32.99
23132,49.99,
19855,34.99,31.99
44035,11.99,9.99
44174,37.99,
24353,29.99,24.99
28122,24.99,22.99
14632,63.99,58.99
14631,39.99,35.99
24757,44.99,40.99
16868,21.99,17.99
23234,62.99,
36992,19.99,16.99
13661,22.99,20.99
25778,36.99,
36153,15.99,10.99
26767,44.99,
21286,46.99,
26586,44.99,
22798,46.99,
43363,44.99,
29353,31.99,27.99
22417,21.99,19.99
22336,55.99,
22596,39.99,36.99
46621,27.99,23.99
32108,18.99,15.99
22597,39.99,36.99
26852,49.99,
18586,44.99,
26851,49.99,
23828,35.99,
24612,15.99,13.99
33441,46.99,39.99
39384,19.99,15.99
13147,21.99,18.99
12078,14.99,
24575,34.99,
24349,54.99,
31561,25.99,21.99
26768,49.99,
26769,49.99,
12428,69.99,
42422,19.99,16.99
42423,30.99,
23632,15.99,
37926,13.99,11.99
24398,18.99,16.99
15232,54.99,44.99
21340,99.99,
34430,24.99,20.99
16165,18.99,
23195,39.99,
25335,65.99,
22039,22.99,15.99
13422,12.99,9.99
41868,54.99,49.99
17361,20.99,17.99
46582,15.99,12.99
42789,17.99,14.99
12561,29.99,24.99
16429,12.99,9.99
16773,34.99,32.99
41629,15.99,
20162,19.99,17.99
12149,35.99,
16208,46.99,
18637,22.99,19.99
44340,14.99,12.99
14416,18.99,15.99
10591,29.99,
20483,21.99,17.99
13979,49.99,34.99
19948,19.99,17.99
20102,14.99,11.99
25510,36.99,18.99
21105,34.99,29.99
14325,28.99,
35755,54.99,
16373,54.99,
23961,54.99,
14983,28.99,25.99
35756,54.99,
14326,28.99,
10523,54.99,
35759,54.99,
21369,24.99,21.99
6824,16.99,14.99
36386,17.99,
26558,29.99,26.99
23983,65.99,
15902,92.99,
15899,92.99,
12109,20.99,18.99
13446,12.99,
24327,23.99,21.99
21166,32.99,28.99
21080,29.99,
38137,33.99,31.99
38153,45.99,43.99
41940,25.99,22.99
16484,17.99,15.99
17200,12.99,
40658,29.99,27.99
19494,29.99,14.99
19645,11.99,9.99
25863,23.99,
25509,18.99,7.99
25790,,
22171,49.99,44.99
44511,20.99,16.99
37656,24.99,19.99
25964,27.99,24.99
22048,54.99,
22049,54.99,
22050,54.99,
22337,36.99,
22338,25.99,
25021,13.99,10.99
13854,18.99,16.99
38546,12.99,9.99
21081,38.99,
23192,62.99,
23853,26.99,23.99
689,13.99,11.99
11213,21.99,19.99
22759,12.99,
21836,24.99,22.99
13558,56.99,
13552,49.99,45.99
18881,12.99,8.99
18337,17.99,
35716,56.99,
24817,19.99,17.99
39413,11.99,9.99
36268,19.99,17.99
39575,49.99,44.99
31542,31.99,28.99
24585,24.99,
24860,54.99,
12310,20.99,18.99
23060,29.99,
25888,37.99,
19034,44.99,
14437,19.99,17.99
16318,14.99,11.99
18778,11.99,
16583,22.99,19.99
16585,29.99,
23220,15.99,11.99
23114,39.99,
45129,65.99,
16782,39.99,36.99
16753,12.99,10.99
22702,105.99,
19269,24.99,22.99
18618,17.99,15.99
23647,19.99,
17985,26.99,
39450,39.99,36.99
25002,39.99,
25723,11.99,9.99
43809,13.99,9.99
43808,7.99,6.99
10205,30.99,26.99
28658,10.99,6.98
13836,20.99,
25537,24.99,16.99
45837,35.99,
17507,17.99,14.99
23953,19.99,16.99
25283,24.99,
24262,62.99,
18565,11.99,
15401,11.99,9.99
12963,10.99,8.99
39593,11.99,9.99
38181,7.99,
38772,19.99,17.99
18774,26.99,25.99
18740,32.99,
19293,28.99,
25966,38.99,34.99
40365,74.99,
6867,21.99,
31847,34.99,32.99
37312,17.99,14.99
18972,18.99,10.99
24528,23.99,
24923,134.99,
10863,64.99,
10864,85.99,
17934,65.99,
15356,11.99,9.99
17330,16.99,13.99
15007,22.99,18.99
36376,18.99,16.99
26849,14.99,
23267,46.99,
25210,21.99,
14818,22.99,19.99
16203,,
15065,29.99,
13278,34.99,29.99
20002,52.99,
20001,34.99,
25569,29.99,15.99
30656,19.99,17.99
18822,22.99,19.99
39348,14.99,11.99
43615,21.99,18.99
36625,24.99,21.99
15550,34.99,28.99
21562,32.99,29.99
22294,29.99,24.99
12681,13.99,
23212,14.99,12.99
42642,15.99,11.99
14624,7.99,5.99
19039,12.99,
24798,15.99,13.99
18396,19.99,
19267,49.99,47.99
23391,69.99,
32805,29.99,26.99
24308,47.99,
21684,14.99,12.99
26349,69.99,
23190,38.99,
26348,69.99,
44083,24.99,
27835,19.99,16.99
21858,44.99,
21857,44.99,
11238,22.99,19.99
24029,17.99,14.99
17351,18.99,16.99
22047,11.99,
25521,19.99,14.99
6173,7.99,
8075,9.99,
6213,7.99,
6214,13.99,
6216,7.99,
13618,19.99,17.99
7269,7.99,
14129,10.99,8.99
25656,11.99,9.99
20706,19.99,
24631,55.99,24.99
20357,12.99,9.99
14006,12.99,9.99
21528,19.99,17.99
23356,32.99,21.99
18589,19.99,
18860,7.99,5.99
25753,8.99,7.99
14439,6.29,
11310,58.99,
25465,59.99,
22568,29.99,24.99
13723,19.99,16.99
31349,9.99,7.99
23275,13.99,9.99
12646,52.99,
16232,10.99,8.99
17345,13.99,10.99
41321,21.99,18.99
25696,19.99,
24357,19.99,17.99
16441,19.99,17.99
25638,32.99,29.99
25046,10.99,8.99
38946,10.99,8.99
21830,49.99,
26551,21.99,
18747,11.99,9.99
27326,14.99,
18951,24.99,22.99
21008,54.99,
17945,15.99,12.99
34950,58.99,50.99
17134,17.99,15.99
14174,49.99,
25729,32.99,29.99
13958,13.99,11.99
17754,13.99,11.99
20725,17.99,14.99
39400,44.99,39.99
46764,14.99,12.99
12465,17.99,14.99
6698,51.99,46.99
17297,12.99,8.99
18010,8.99,6.99
26063,12.99,9.99
32670,8.99,6.99
10122,27.99,22.99
18909,15.99,13.99
24303,11.99,7.49
14701,11.99,7.49
23593,95.99,
23592,114.99,
19545,10.99,7.99
18592,12.99,7.99
42874,22.99,19.99
23105,41.99,
23098,38.99,
22928,21.99,19.99
17954,10.99,7.99
20959,49.99,
21634,44.99,
18423,17.99,
28681,12.99,10.99
24684,25.99,
30713,22.99,19.99
36570,74.99,69.99
24253,17.99,
36845,11.99,9.99
20932,12.99,
16394,22.99,13.99
22227,13.99,
24552,12.99,8.99
22387,12.99,8.99
16159,12.99,8.99
16814,14.99,11.99
6687,15.99,13.99
45035,39.99,34.99
18884,18.99,16.99
25236,17.99,14.99
42735,12.99,10.99
20024,175.99,
19996,12.99,5.99
24826,199.99,
24827,399.99,
19454,15.49,
23021,15.99,13.99
21609,18.99,12.95
31356,79.99,
38889,45.99,
22087,19.99,14.99
10442,45.99,
45848,13.99,11.99
39736,49.99,
24159,99.99,
26016,24.99,13.99
43667,49.99,
43668,49.99,
22456,22.99,
23820,44.99,24.99
26078,23.99,
23014,29.99,24.99
23015,24.99,20.99
23013,19.99,15.99
41899,14.99,11.99
41034,12.99,8.99
43737,12.99,8.99
24805,14.99,10.99
25909,184.99,
12944,12.99,9.99
20096,11.99,
40786,16.99,14.99
12235,24.99,21.99
43784,19.49,16.99
26766,29.99,
21101,37.99,17.99
20968,10.99,
19191,14.99,11.99
20409,16.99,14.99
26380,31.99,
26379,45.99,
26374,62.99,
33143,11.99,8.99
13065,89.99,
29470,169.99,
42053,44.99,
23354,44.99,19.99
20739,24.99,
40538,18.99,15.99
15911,10.99,8.99
26361,,
12951,13.99,10.99
25853,19.99,17.99
46568,13.99,9.99
18449,10.99,7.99
26088,54.99,49.99
26087,14.99,11.99
19908,15.99,13.99
17909,29.99,
17921,14.99,
25652,13.99,10.99
39631,10.99,8.99
14704,7.99,
21321,7.99,
24790,168.99,
42255,29.99,26.99
18739,38.99,34.99
23840,17.99,
37310,11.99,9.99
22326,22.99,19.99
23236,38.99,
16146,22.99,19.99
17459,11.99,8.99
16325,12.99,
16684,18.99,15.99
10398,39.99,31.99
23231,59.99,54.99
17937,11.99,
25570,11.99,6.99
21824,29.99,24.99
22352,34.99,
21583,29.99,25.99
18438,55.99,
22593,12.99,10.99
16262,14.99,11.99
24599,18.99,16.99
17188,18.99,16.99
17187,18.99,9.99
17487,7.99,5.99
20557,13.99,11.99
15229,45.99,41.99
16556,27.99,
17914,10.99,
13693,13.99,10.99
22937,15.99,13.99
31070,32.99,29.99
44708,14.99,12.99
41970,17.99,15.99
23203,12.99,9.99
19755,13.99,10.99
19558,424.99,
19459,424.99,
20912,25.99,23.99
14130,10.99,8.99
22966,21.99,
16806,12.99,9.99
29081,9.99,
36209,9.99,7.99
22508,29.99,
26844,18.99,
25043,10.99,8.99
37071,24.99,22.99
10666,14.99,4.99
16477,11.99,7.49
23109,36.99,
24347,18.99,15.99
19486,22.99,17.99
16178,11.99,
41033,12.99,8.99
16555,21.99,
35088,11.99,9.99
29077,16.99,
44529,11.99,9.99
16443,22.99,19.99
38483,12.99,10.99
17457,11.99,8.99
33819,18.99,15.99
24406,22.99,
17938,11.99,
18571,12.99,9.99
24975,17.99,
24967,11.99,
18817,14.99,12.99
25012,19.99,
6854,14.99,
8907,6.99,
6655,6.99,
6660,14.99,
8567,10.99,
18988,14.99,12.99
6635,10.99,9.99
6314,11.99,
28887,12.99,
8687,10.99,
27176,15.99,14.99
8922,7.99,
10596,16.99,14.99
8367,14.99,
19382,12.99,9.99
25506,14.99,7.99
12123,6.29,
13491,11.99,
12211,22.99,18.99
24588,16.99,
32669,15.99,13.99
34951,20.99,17.99
13458,11.99,8.99
8264,11.99,8.99
46098,11.99,8.99
10443,13.99,11.99
36579,7.99,5.99
37798,18.99,
37314,17.99,
24256,17.99,
12052,16.99,14.99
25879,12.99,10.99
23438,14.99,12.99
22901,19.99,17.99
22902,18.99,16.99
25918,11.99,
38731,11.99,9.99
23148,13.99,10.99
17168,11.99,9.99
23186,22.99,
26091,11.99,8.99
46830,11.99,8.99
11819,16.99,14.99
44148,7.99,6.99
42413,13.99,9.99
29477,10.99,7.99
15838,17.99,
37313,13.99,11.99
14054,11.99,8.99
20182,12.99,9.99
44084,14.99,12.99
11240,15.99,13.99
26243,12.99,
23474,12.99,9.99
23957,13.99,
14444,25.99,
25958,10.99,7.99
24439,19.99,14.99
15404,26.99,23.99
41965,17.99,
19658,14.99,
8905,11.99,
23991,14.99,
15860,19.99,
25706,14.99,6.99
8689,10.99,
26240,11.99,
18923,14.99,
8446,5.99,
17458,11.99,8.99
26239,18.99,
27243,15.99,9.99
58,,
23344,4.49,
7535,5.99,
31796,10.99,
37156,5.99,
16725,7.99,6.99
21615,7.99,6.99
8621,6.29,
33446,6.29,
39472,29.99,
24301,9.99,
8409,8.29,
8701,9.99,
6356,7.79,
6360,13.99,
6375,5.49,
8077,9.99,
6396,7.79,
6266,7.79,
6357,13.99,
6296,7.79,
39473,29.99,
39209,11.99,
39470,6.29,
42350,22.99,18.99
37194,10.99,8.99
46185,26.99,22.99
39358,19.99,17.99
10932,13.99,10.99
10021,16.99,14.99
18466,36.99,
24231,45.99,
22861,69.99,
32604,13.99,10.99
11003,18.99,16.99
33574,19.99,17.99
38263,11.99,8.99
41157,17.99,15.99
24658,59.99,
36123,19.99,
39716,10.99,8.99
21100,23.99,13.99
18097,85.99,
37712,12.99,10.99
24243,21.99,19.99
12024,18.99,
7818,5.99,
7718,5.99,
8032,9.49,7.99
20446,9.99,
13163,12.99,7.99
22362,12.99,9.99
16289,12.99,7.99
20447,9.99,
10927,12.99,9.99
20724,17.99,13.99
21957,7.99,6.99
44717,17.99,
23412,59.99,
8985,5.99,
6481,17.99,
15314,15.99,12.99
12227,15.99,12.99
38668,20.99,
36383,17.99,15.99
26803,68.99,
21643,18.99,
26538,19.99,17.99
26804,39.99,
24648,20.99,17.99
10916,15.99,13.99
25000,69.99,
25708,39.99,36.99
8223,17.99,
45424,18.99,16.99
24924,77.49,
7716,5.99,
18014,24.99,21.99
31487,12.99,7.99
39479,12.99,7.99
23168,17.99,15.99
6960,7.99,6.99
21864,29.99,
32294,4.99,
8537,17.99,
6358,15.99,12.99
8895,19.99,17.99
23411,26.99,
7725,11.99,9.99
36284,18.99,12.99
7740,5.99,
46551,29.99,25.99
6195,29.99,
8288,15.99,12.99
16828,15.99,12.99
6231,20.99,17.99
8280,15.99,13.99
26250,24.99,22.49
6362,8.99,7.99
44986,18.99,16.99
22661,47.99,
22019,20.99,17.99
25540,29.99,13.99
25707,37.99,
24999,24.99,
24872,57.99,
7715,5.99,
6264,7.99,6.99
24216,15.99,12.99
7728,11.99,9.99
8847,5.99,
8283,29.99,
8342,15.99,12.99
6361,8.99,7.99
23241,10.99,8.99
19789,19.99,
31497,11.99,
23049,11.99,9.99
12234,6.99,
31204,11.99,9.99
26166,18.99,14.99
39775,11.99,8.99
24377,4.99,
45769,14.99,11.99
22569,19.99,17.99
41222,19.99,17.99
13950,32.99,
6681,23.99,
19340,16.99,14.99
15900,13.99,10.99
27503,14.99,11.99
6933,11.99,8.99
46763,13.99,11.99
6183,12.99,8.99
26331,18.99,
23415,10.99,7.99
23131,22.99,
22696,12.99,9.99
25832,13.99,11.99
13662,19.99,16.99
43877,29.99,
10469,18.99,
11320,14.99,9.99
26853,29.99,
45921,11.99,9.99
26945,16.99,13.99
10531,17.99,14.99
45876,17.99,15.99
36850,15.99,
34752,25.99,
6312,10.99,9.99
19507,12.99,9.99
11227,19.99,16.99
16352,18.99,16.99
25715,29.99,
25846,21.99,19.99
45300,24.99,21.99
25917,11.99,9.99
24840,17.99,15.99
24056,22.99,18.99
20700,13.99,
12775,12.99,10.99
19947,16.99,14.99
22515,14.99,12.99
21270,11.99,9.99
6575,11.99,9.99
6596,13.99,
25643,16.99,13.99
10453,11.99,9.99
46453,12.99,10.99
36573,19.99,17.99
19320,18.99,16.99
13553,39.99,37.99
21791,18.99,9.99
25905,18.99,
33573,16.99,14.99
22475,20.99,11.99
25703,13.99,
11149,17.99,15.99
13605,19.99,17.99
19190,13.99,10.99
24887,16.99,9.99
13062,49.99,
26153,18.99,9.99
11209,21.99,12.99
25725,11.99,9.99
8359,7.99,6.99
8498,13.99,9.99
8455,18.99,14.99
26143,10.99,6.98
35670,11.99,10.99
40366,38.99,
19814,16.99,14.99
24995,14.99,7.99
20251,24.99,22.99
11437,15.99,
10957,11.99,9.99
23603,23.99,
27830,22.99,19.99
22899,17.99,14.99
16826,8.99,
42122,12.99,
19451,11.99,9.99
26105,35.99,
25538,21.99,11.99
25008,29.99,
21129,21.99,18.99
32338,26.99,
6278,15.99,13.99
39923,11.99,9.99
24539,29.99,
25039,9.99,
19192,14.99,
25876,14.99,12.99
14657,14.99,12.99
25539,21.99,9.99
19108,13.99,10.99
26175,14.99,12.99
14195,26.99,
21319,15.99,12.99
12270,16.99,13.99
10372,8.99,
26341,16.99,
21259,18.99,
18856,7.99,5.99
39471,31.99,28.99
23898,16.99,
18639,12.99,
21313,6.99,5.99
18734,10.99,
23900,11.99,
23899,13.99,11.99
7262,5.49,
7261,5.49,
25281,21.99,19.99
25282,21.99,19.99
8110,9.99,8.99
8120,9.99,8.99
31163,16.99,13.99
26742,27.99,13.99
28606,11.99,9.99
26328,27.99,
18811,11.99,
17747,29.99,27.99
34907,12.99,
8361,14.99,
6725,14.99,12.99
8036,11.99,
8688,10.99,
6755,15.99,14.99
6446,17.99,
32649,12.99,9.99
32652,6.99,
33879,10.99,9.99
29129,9.99,
6590,16.99,14.99
31500,6.29,
31501,11.99,
40240,9.99,
8421,6.99,
32648,12.99,9.99
41974,6.99,
23889,8.99,
6483,10.99,8.99
31458,8.99,7.99
6574,17.99,
24098,6.99,
6285,10.99,9.99
6568,4.99,
28888,11.99,
8423,7.99,
28890,15.99,14.99
6329,13.99,9.99
6861,5.99,
6857,9.99,
7860,5.99,
33216,8.49,
6273,7.99,
24772,15.99,13.99
36750,9.99,7.99
37794,10.99,8.99
24907,13.99,10.99
22170,24.99,
45770,16.99,13.99
12343,19.99,17.99
12685,17.99,13.99
44714,19.99,11.99
39063,19.99,
22934,32.99,
15272,34.99,
28092,17.99,15.99
27644,11.99,9.99
26134,12.99,8.99
38303,26.99,23.99
13663,22.99,19.99
10470,18.99,
28983,16.99,14.99
32137,17.99,
41032,18.99,16.99
24369,24.99,11.99
41394,24.99,22.99
36200,13.99,
11441,20.99,16.99
36852,15.99,
36154,33.99,
25995,10.99,9.99
44742,42.99,
25587,16.99,7.99
13931,22.99,16.99
22697,28.99,23.99
42462,12.99,8.99
46299,11.99,9.99
25796,34.99,
21218,32.99,29.99
45637,20.99,
38245,36.99,
12773,16.99,14.99
17167,13.99,11.99
24706,26.99,20.99
22968,34.99,
10267,39.99,
10266,18.99,15.99
23193,53.99,
19847,16.99,12.99
28266,7.99,
13805,25.99,23.99
38088,49.99,46.99
21160,21.99,
21672,19.99,17.99
23858,22.99,20.99
41159,28.99,24.99
46119,56.99,
39335,17.99,14.99
13303,15.99,13.99
17432,17.99,14.99
24208,13.99,9.99
26632,10.99,7.99
22781,56.99,
35941,8.99,
32203,15.99,12.99
24818,49.99,24.99
12593,29.99,26.99
12592,29.99,26.99
35365,29.99,
24567,16.99,13.99
26463,10.99,7.99
12803,18.99,16.99
44452,12.99,10.99
36766,18.99,16.99
26818,18.99,16.99
26462,18.99,16.99
21251,19.99,16.99
10440,29.99,
41612,38.99,
41981,38.99,
41614,38.99,
41984,31.99,
41983,31.99,
24987,39.99,
26501,22.99,
33032,32.99,27.99
25202,21.99,11.99
24020,12.99,
15228,32.99,29.99
36380,18.99,9.99
38529,38.99,
24248,56.99,
38528,42.99,40.99
18597,37.99,
28856,24.99,21.99
39062,19.99,
45276,12.99,
28548,18.99,15.99
25886,34.99,
24934,35.99,14.99
13341,24.99,21.99
25141,17.99,15.99
16968,18.99,16.99
37046,27.99,14.99
46311,8.99,
15981,15.99,12.99
25609,23.99,18.99
45266,14.99,12.99
13550,52.99,50.99
12663,13.99,7.99
25147,14.99,12.99
25544,11.99,
35578,11.99,9.99
43777,19.99,16.99
11037,6.99,
17175,12.99,9.99
35896,47.99,41.99
23973,18.99,16.99
22842,13.99,10.99
41415,14.99,12.99
16655,13.99,10.99
21832,18.99,15.99
19360,13.99,9.99
45599,19.99,16.99
16877,10.99,8.99
25184,24.99,
18615,18.99,15.99
26395,10.99,7.99
33148,11.99,9.99
16539,17.99,14.99
20801,29.99,27.99
23974,18.99,16.99
16657,13.99,10.99
6226,7.99,
46475,11.99,
15146,22.99,18.99
13430,13.99,10.99
33149,11.99,8.99
10296,19.99,15.99
23955,12.99,10.99
18551,17.99,
16540,24.99,21.99
45314,16.99,12.99
16329,17.99,
41409,19.99,16.99
13940,22.99,18.99
26012,24.99,
12586,10.99,
12416,11.99,8.99
16538,17.99,14.99
35905,49.99,41.99
31909,22.99,18.99
16703,12.99,9.99
14008,13.99,11.99
46928,26.99,
11745,10.99,8.99
45496,11.99,8.99
44138,14.99,12.99
41412,13.99,11.99
12495,11.99,7.49
10576,11.99,9.99
16656,13.99,10.99
13489,24.99,18.99
37842,14.99,11.99
20091,11.99,
15168,16.99,14.99
18540,27.99,
41348,19.99,17.99
46447,15.99,10.99
19668,12.99,9.99
42172,11.99,9.99
26997,19.99,
23543,14.99,12.99
10579,13.99,9.94
12306,13.99,
43129,14.99,12.99
41405,18.99,14.99
43553,10.99,8.99
10236,17.99,14.99
37840,10.99,7.99
45600,13.99,9.99
25428,27.99,21.99
45601,19.99,16.99
19368,24.99,
17020,12.99,
47027,7.99,
15139,13.99,
23387,,
16896,109.99,
14805,10.99,
18452,14.99,
45090,13.99,11.99
45392,20.99,18.99
22030,18.99,16.99
18212,25.99,
15889,13.99,9.99
20707,15.99,
16989,11.99,
13695,11.99,9.99
13718,11.99,10.99
16948,7.99,
18001,18.99,15.99
14250,13.99,9.99
41530,11.99,9.99
22099,13.99,
19895,12.99,9.99
24944,17.99,
46402,14.99,12.99
12697,19.99,11.99
34647,10.49,
40332,15.49,13.49
16889,13.99,11.99
16860,21.99,19.99
46476,11.99,
47009,15.99,13.49
19164,10.99,7.99
37904,14.99,10.99
26399,10.99,7.99
11854,14.99,12.99
20030,11.99,
43798,11.99,
23784,19.99,
12415,11.99,8.99
12757,11.99,9.99
45602,19.99,
46555,11.99,8.99
16393,11.99,9.99
23595,16.99,14.99
16541,36.99,32.99
26527,10.99,
45980,65.99,59.99
42886,21.99,19.99
21861,11.99,9.99
18835,15.99,11.99
22898,14.99,11.99
23045,24.99,
24878,40.99,
6523,17.99,
26755,17.99,
22416,17.99,15.99
19369,24.99,21.99
14300,14.99,11.99
25106,36.99,
18240,29.99,25.99
25107,41.99,
41408,21.99,19.99
17612,11.99,
25154,24.99,
29650,10.99,
10298,11.99,9.99
43143,10.99,8.99
17378,13.99,11.99
46923,13.99,11.99
6288,16.99,14.99
6498,17.99,
35650,21.99,18.99
6946,11.99,8.99
19055,12.99,
36770,14.99,
37826,7.99,
22757,9.99,
32054,14.99,12.99
22339,18.99,15.99
23521,14.99,10.99
24842,8.99,
26163,13.49,
15508,79.99,
11891,69.99,64.99
19282,23.99,
14364,455.99,
11888,14.99,
35801,10.99,8.99
6987,11.99,
37827,7.99,
37828,14.99,
32968,13.99,
6563,9.99,
41712,7.99,5.99
45632,18.99,16.99
31454,8.99,6.99
32055,14.99,12.99
37604,19.99,16.99
20459,12.99,6.99
6975,8.99,
6694,9.99,7.99
32263,14.99,8.95
39979,14.99,
6280,14.99,12.99
6659,11.99,8.99
35411,7.99,
35412,14.99,
13795,14.99,
16309,25.99,
25138,49.99,19.99
18641,14.99,
16427,14.99,
12113,18.99,7.99
41713,7.99,5.99
31456,8.99,7.99
29169,17.99,
37785,14.99,8.95
39981,14.99,
16310,25.99,23.99
24299,11.99,8.99
36771,14.99,
36874,7.99,
26288,18.99,
14930,14.99,
18642,14.99,
19870,14.99,
16127,14.99,
13837,10.99,
41714,7.99,5.99
43292,12.99,9.99
43450,18.99,16.99
12116,14.99,8.95
42420,7.99,
46202,14.99,
29955,9.99,7.99
31524,11.99,8.99
13963,14.99,
18893,12.99,
26896,24.99,
27255,19.99,14.99
40106,15.99,
14711,13.99,10.99
15827,11.99,
41918,8.99,
23249,11.99,
43043,7.99,
32969,13.99,
23764,9.99,
14710,19.99,16.99
14280,11.99,7.49
35646,21.99,18.99
23365,23.99,21.99
42678,7.99,5.99
33348,14.99,12.99
37607,19.99,16.99
33326,8.99,
26764,58.99,
46458,17.99,15.99
23895,9.99,7.99
34175,14.99,8.95
39983,14.99,
36371,11.99,
15505,84.99,
15504,25.99,
15506,169.99,
15837,9.99,
43308,14.99,
35800,14.99,11.99
6526,18.99,16.99
6524,11.99,6.99
45246,11.99,6.99
42456,36.99,31.99
43134,69.99,
44292,15.99,13.99
27303,10.99,8.99
36510,13.99,
38011,12.99,10.99
35413,7.99,
35414,14.99,
46096,12.99,10.99
6958,7.99,
13793,14.99,
36511,13.99,
23197,14.99,
23523,12.99,
6724,9.99,
17063,18.99,15.99
10647,18.99,16.99
41711,7.99,5.99
31452,8.99,7.99
6918,17.99,
37601,19.99,16.99
22027,8.99,
24497,14.99,11.99
37786,14.99,8.95
15509,25.99,
31176,69.99,
20921,23.99,
16453,19.99,
21157,13.99,
17001,15.99,13.99
26837,11.99,10.99
15774,14.49,
23582,13.99,
14920,14.99,
14341,10.99,9.99
26020,18.99,
33731,14.99,10.99
26835,17.99,
23866,13.99,11.99
39974,15.99,
26021,19.99,
15775,14.49,12.99
25415,15.99,
14491,16.99,
47075,9.29,
34841,18.99,16.99
33734,19.99,17.99
26290,14.99,
26836,21.99,
25550,9.99,
25548,14.99,
38859,59.99,
16180,12.99,
25130,29.99,
6368,8.99,5.99
29118,13.99,10.99
34905,12.99,
6378,11.99,9.99
11414,6.99,
16837,6.99,
15619,6.99,
23801,19.99,15.99
13505,11.99,8.99
14357,9.99,
45332,9.99,
15056,13.99,
27027,39.99,
26892,16.99,14.99
21076,11.99,8.99
10030,9.99,
26392,7.99,
16537,13.99,9.99
38457,12.99,
18901,10.99,8.99
12212,22.99,18.99
23800,15.99,13.99
25984,11.99,8.99
6429,10.99,
40766,10.99,8.99
27798,11.99,
15058,11.99,9.99
45334,13.99,
45333,9.99,
23878,12.99,10.99
24777,14.99,12.99
43432,12.99,5.99
12140,11.99,
46788,11.99,7.99
10762,7.29,
45752,13.99,
19662,8.99,5.99
19926,13.99,10.99
21366,13.99,11.99
34906,12.99,
23149,12.99,
16724,39.99,
23950,10.99,
16695,19.99,14.99
23948,38.99,
41927,15.99,14.99
14184,16.99,13.99
36523,17.99,14.99
23951,10.99,
24858,14.99,
14538,17.99,
23307,15.99,12.99
15584,11.99,9.99
31618,11.99,9.99
17340,11.99,9.99
23669,69.99,
26242,12.99,
25260,7.99,
6986,11.99,
6872,11.99,
8123,12.99,10.99
46093,12.99,10.99
18758,12.99,10.99
8124,12.99,10.99
23280,149.99,
23145,28.99,
25254,12.99,
14191,14.99,11.99
31581,19.99,16.99
21465,818.99,759.99
23292,439.99,
21466,489.99,449.99
26024,35.99,
24321,49.99,
90012,49.99,
21474,97.99,90.99
27286,49.99,
21473,63.99,58.99
90010,92.99,91.99
24326,93.99,
22941,348.99,
25252,29.99,
25196,27.99,
23326,24.99,
29400,22.99,20.99
23947,23.99,
26437,18.99,
21446,25.99,24.99
25339,34.99,
21445,92.99,85.99
25257,31.99,
21438,118.99,109.99
21451,69.99,64.99
23290,64.99,
25195,109.99,
21456,63.99,59.99
23291,59.99,
25338,49.99,
24495,34.99,
27284,59.99,
23295,63.99,
90014,61.99,
24315,61.99,
23282,58.99,
21444,369.99,339.99
21440,937.99,869.99
6572,19.99,17.99
23945,18.99,
23946,19.99,
25204,24.99,
25158,16.99,14.99
24991,58.99,
23328,75.99,
23294,49.99,
27285,73.99,
21483,54.99,52.99
21799,1599.99,
90090,748.99,649.99
23281,949.99,
24318,149.99,
90088,149.49,134.99
23284,219.99,
26983,99.99,
6234,10.99,
10715,16.99,12.99
23799,19.99,15.99
26318,21.99,17.99
24774,14.99,12.99
24775,14.99,12.99
19088,28.99,
23797,14.99,12.99
23796,14.99,12.99
17503,16.99,14.99
46783,11.99,7.99
45576,7.29,
20598,18.99,15.99
15424,16.99,14.99
23452,11.99,8.99
20944,23.99,20.99
27124,,
18900,10.99,8.99
23798,19.99,15.99
16326,4.99,3.99
40096,22.99,18.99
13708,19.99,17.99
22079,11.99,6.67
21352,82.99,79.99
43801,10.99,
16829,16.99,
19356,21.99,18.99
24782,19.99,15.99
15076,13.99,11.99
45330,9.99,
15057,11.99,9.99
45331,13.99,
24003,8.99,
25191,12.99,
12154,17.99,15.99
15291,7.99,5.99
23876,12.99,10.99
37152,23.99,20.99
45524,11.99,
42948,13.99,
8837,8.99,5.99
33307,19.99,15.99
6828,13.99,10.99
34903,12.99,
35913,14.99,
6547,11.99,9.99
26484,12.99,10.99
13433,21.99,18.99
37433,11.99,6.67
15482,10.99,
16830,16.99,12.99
23795,19.99,15.99
14348,13.99,11.99
23877,12.99,10.99
43430,11.99,9.99
45525,11.99,
46785,11.99,7.99
21363,19.99,
12155,13.99,10.99
22077,11.99,8.99
6859,10.99,
46217,9.99,
15059,11.99,9.99
24002,8.99,
37731,12.99,10.99
45526,11.99,8.99
26391,7.99,
6932,8.99,5.99
23423,13.99,10.99
6344,11.99,9.99
14078,19.99,17.99
15620,11.99,8.99
37158,14.99,12.99
17202,11.99,
21353,12.99,
25985,11.99,8.99
6478,10.99,
27797,14.99,12.99
6585,9.79,7.99
17101,20.99,18.99
22067,21.99,
23469,14.99,11.99
19223,15.99,13.99
17216,18.99,
22065,21.99,
19244,19.99,17.99
20660,14.99,10.99
24971,14.99,11.99
42949,15.99,13.99
8131,17.99,
25841,12.99,
25535,18.99,
23151,18.99,
25258,12.99,
26025,15.99,
24476,9.99,
26479,29.99,
12534,11.99,9.99
25777,16.99,14.99
31466,24.99,21.99
36524,17.99,14.99
24857,12.99,
23147,13.99,
24320,134.99,
90089,134.49,119.99
90604,157.99,119.99
23287,139.99,
23289,699.99,
24317,519.99,
90087,521.49,469.99
24324,147.99,
90011,146.99,144.99
23496,45.99,
24330,46.99,
21484,69.99,64.99
21463,152.99,139.99
20512,38.99,
23340,149.99,
26403,17.99,14.99
25194,16.99,
24964,39.99,
25256,16.99,
21429,76.99,
25018,29.99,
23323,82.99,
23493,34.99,
25187,12.99,10.99
25844,17.99,
25337,16.99,
25833,11.99,
24316,764.99,
25188,10.99,8.99
25259,10.99,
26473,21.99,
20509,12.99,
24323,129.99,
23337,139.99,
25789,11.99,9.99
25678,15.99,13.99
25017,11.99,
25843,14.99,
23949,9.99,
23633,16.99,
19866,16.99,
19865,18.99,
26883,17.99,14.99
19392,16.99,
19806,14.99,12.99
25159,11.99,
20992,12.99,10.99
16592,19.99,16.99
23495,17.99,
23494,29.99,
25253,15.99,
21433,34.99,32.99
21461,62.99,57.99
23322,98.99,
23324,279.99,
21470,314.99,292.99
36208,21.99,
20067,519.99,
23325,209.99,
21477,137.99,129.99
27279,85.99,
23308,126.99,
24313,739.99,
23327,899.99,
24312,99.99,
25201,18.99,
23944,24.99,
23146,19.99,
25198,26.99,
21432,41.99,38.99
21480,83.99,77.99
21458,72.99,67.99
21006,96.99,
19809,48.99,
24553,467.99,
24963,21.99,
23293,81.99,
21448,45.99,42.99
23309,96.99,
21007,74.99,
24691,61.99,
21459,164.99,152.99
21457,48.99,44.99
21450,263.99,239.95
23144,31.99,
24311,87.99,
26026,28.99,
23329,224.99,
24329,197.99,
23330,42.99,
25015,29.99,
23332,26.99,
23288,51.99,
25197,149.99,
23285,42.99,
23336,229.99,
24314,43.99,
24322,49.99,
21437,44.99,42.99
21476,299.99,
21436,54.99,51.99
21434,69.99,64.99
21453,164.99,153.99
23331,149.99,
24328,154.99,
21479,52.99,49.99
23497,79.99,
21462,64.99,59.99
23333,59.99,
23334,31.99,
90013,99.99,
24319,99.99,
23283,94.99,
21447,99.99,92.99
23335,199.99,
21455,219.99,204.99
21730,57.99,
21731,67.99,
23338,54.99,
24331,60.99,
23321,31.99,
21454,53.99,49.99
23341,32.99,
21460,33.99,31.99
21732,39.99,
23286,199.99,
25161,11.99,9.99
24178,109.99,
24244,25.99,23.99
24290,14.99,12.99
24868,14.99,10.99
25160,11.99,
25157,16.99,14.99
25286,20.99,18.99
27067,45.99,
25285,20.99,18.99
10163,14.99,12.99
6658,17.99,15.99
25020,25.99,
34792,24.99,22.99
34021,18.99,
25139,19.99,
23963,22.99,
34802,17.99,
34082,17.99,15.99
6236,11.99,9.99
8609,12.99,
16380,10.99,
8627,11.99,9.99
25090,21.99,
8877,15.99,13.99
34022,25.99,
24366,19.99,
24364,24.99,
24363,25.99,
24365,24.99,
25137,17.99,
25140,24.99,
22422,13.99,
26050,8.99,
22440,23.99,21.99
22439,20.99,18.99
24388,19.99,
24387,19.99,
27064,72.99,
10732,17.99,14.99
10164,18.99,15.99
24475,94.99,
27012,18.99,16.99
23661,48.99,
26051,14.99,
24136,22.99,
25228,28.99,
22432,233.99,214.99
23386,21.99,19.99
12910,61.99,
25382,19.99,17.99
24293,49.99,
12913,88.99,
25058,28.99,
8744,19.99,17.99
26816,69.99,
610,20.99,
16680,18.99,15.99
24106,34.99,
10731,17.99,14.99
23473,17.49,
27009,18.99,16.99
24392,35.99,
24135,22.99,
16692,19.99,17.99
26754,26.99,
23385,21.99,19.99
44715,19.99,
22644,27.99,
25124,18.99,10.99
8496,16.99,14.99
26699,18.99,
26503,35.99,
17741,18.99,
26701,22.99,
24105,26.99,
26985,16.99,
26813,24.99,
26814,16.99,
27062,39.99,
27061,69.99,
10734,19.99,17.99
17724,25.99,
22429,69.99,
26693,26.99,
24394,73.99,
24397,69.99,
13397,23.99,21.99
23472,18.99,
22646,25.99,
27164,26.99,
22647,37.99,
8741,29.99,24.99
27010,25.99,
21283,27.99,
23188,29.99,27.99
27165,21.99,
22431,29.99,26.99
22435,60.99,57.99
22950,28.99,
15859,27.99,23.99
23933,34.99,30.99
23433,89.99,
23434,68.99,
24477,62.99,
22436,54.99,51.99
24389,69.99,
26869,105.99,
22621,33.99,
22624,42.99,
27066,39.99,
27063,32.99,
22622,48.99,
27011,55.99,
23659,26.99,
22433,75.99,
23436,18.99,
44716,24.99,
22539,44.99,
25064,43.99,
25065,66.99,
22541,44.99,
25066,44.99,
22558,21.99,
22559,29.99,
22550,29.99,
22545,45.99,
22528,139.99,
22538,89.99,
22548,29.99,
25069,29.99,
22534,34.99,
22530,44.99,
22533,34.99,
22557,45.99,
25076,34.99,
22551,34.99,
22554,34.99,
22544,34.99,
25086,35.99,
25067,59.99,
25089,37.99,
22543,34.99,
22553,34.99,
25063,39.99,
22555,29.99,
25078,39.99,
22546,34.99,
22549,34.99,
25070,34.99,
22547,34.99,
25068,64.99,
24531,25.99,
24533,29.99,
19418,95.99,
26443,16.99,14.99
11353,64.99,
39728,126.99,
42104,45.99,
20310,29.99,
26812,29.99,
24678,14.99,
22951,50.99,
25082,21.99,
25077,29.99,
25083,25.99,
25288,79.99,
25287,30.99,27.99
27013,39.99,
10370,25.99,
23662,26.99,
24385,305.99,
24384,79.99,
26690,24.99,
27015,89.99,
22645,29.99,
25054,139.99,
25055,179.99,
25056,99.99,
25060,52.99,48.99
25085,29.99,
25057,32.99,
25062,52.99,48.99
22536,29.99,
25061,59.99,
27014,69.99,
24532,28.99,
24534,65.99,
26815,64.99,
26868,59.99,
26992,45.99,
10733,14.99,11.99
14799,22.99,19.99
22438,53.99,49.99
24393,53.99,
25229,28.99,
13081,32.99,29.99
16000,23.99,
6366,21.99,
8628,13.99,11.99
6162,23.99,21.99
23919,26.99,23.99
20152,15.99,13.99
26428,15.99,13.99
26427,23.99,21.99
8749,17.99,14.99
23432,15.99,
24341,69.99,
24395,74.99,
24391,202.99,
24396,188.99,
24529,55.99,
24107,59.99,
26870,59.99,
22643,62.99,
24474,57.99,
24530,62.99,
24386,28.99,
24390,23.99,
24699,49.99,45.99
24473,49.99,
13086,299.99,279.99
21058,50.99,
26583,185.99,
15193,48.99,45.99
44755,131.99,
26429,89.99,79.99
25341,279.99,
25156,49.99,
25386,64.99,49.99
39456,79.99,76.99
41605,65.99,62.99
25123,199.99,179.99
23069,24.99,
16796,34.99,
20903,18.99,
37435,34.99,31.99
25416,39.99,
26496,43.99,
32084,32.99,30.99
18583,49.99,
18584,43.99,
37909,49.99,
24578,50.99,
20776,39.99,
43020,142.99,
23024,52.99,
18806,54.99,
7868,39.99,37.99
21409,81.99,59.99
33765,79.99,59.99
8143,42.99,37.99
23067,22.99,20.99
7872,49.99,44.99
25461,149.99,
25423,220.99,
16129,42.99,37.99
26426,44.99,
25279,124.99,
42710,7.99,
26247,56.99,49.99
23874,59.99,
8072,44.99,39.99
19218,119.99,
6654,45.99,
19270,24.99,
19611,106.99,101.99
19220,68.99,
19186,59.99,
8622,145.99,
24647,299.99,
24736,44.99,41.99
24650,121.99,111.99
18600,129.99,
26248,249.99,219.99
27801,45.99,
7865,37.99,
26285,79.99,
26787,11.99,
27802,24.49,
25264,59.99,32.99
23680,21.99,19.99
24888,439.99,419.99
21060,59.99,
15194,78.99,75.99
26498,82.99,
26802,52.99,
8897,57.99,
42188,54.99,53.99
13215,26.49,25.49
16179,69.99,49.99
25421,87.99,
14760,179.99,
43788,54.99,52.99
19271,81.99,77.99
19768,13.99,10.99
26339,12.99,
26499,17.99,
26434,22.99,
14393,14.99,12.99
24193,26.99,22.99
23996,19.99,
26491,14.99,12.99
21761,16.99,
17489,14.99,13.99
24561,15.99,
26342,12.99,
25868,19.99,
24557,12.99,
24560,12.99,10.99
26354,12.99,
21526,9.99,
26450,13.99,11.99
23984,14.99,
26049,14.99,
44238,9.99,7.99
25354,21.99,19.99
25814,13.99,11.99
38392,17.99,
25819,12.99,10.99
25319,12.99,
12477,18.99,
25812,17.99,15.99
25813,13.99,11.99
24408,12.99,9.99
21107,12.99,
40363,14.99,
24471,19.99,
25867,18.99,
25894,10.99,8.99
24285,13.99,
25815,14.99,12.99
25818,11.99,9.99
23830,14.99,
23987,12.99,10.99
19148,14.99,
24004,14.99,
25896,19.99,15.99
25895,15.99,13.99
17897,14.99,
26017,11.99,9.99
25810,11.99,8.99
25811,22.99,16.99
25820,13.99,11.99
36344,14.99,12.99
25866,16.99,14.99
24771,15.99,12.99
25816,11.99,9.99
23831,16.99,
25738,39.99,37.99
23897,15.99,
25893,12.99,10.99
25736,10.99,7.99
25750,10.99,7.99
15835,10.99,
24472,11.99,
17596,13.99,
18232,19.99,
19706,13.99,
26865,14.99,
26866,17.99,
23807,19.99,
23935,14.99,
16839,17.99,15.99
24470,18.99,
23997,19.99,
34803,19.99,17.99
31318,13.99,
46132,12.99,
17341,11.99,7.99
28155,17.99,15.99
23825,13.99,
23938,22.99,
25014,24.99,
37913,19.99,
26500,47.99,
17841,14.99,
19990,11.99,
13225,24.99,
27799,32.99,
24469,27.99,
24555,26.99,
19531,24.99,22.99
19704,17.99,
23848,17.99,
19215,29.99,27.99
26885,21.99,19.99
14013,24.99,
21735,27.99,25.99
26478,18.99,
27091,26.99,
26867,29.99,
25016,24.99,
24289,16.99,14.99
21338,19.99,
46590,12.99,
24554,12.99,
14217,16.99,
26378,17.99,
17235,12.99,10.99
8464,17.99,15.99
34020,21.99,19.99
27932,21.99,18.99
22289,14.99,12.99
28156,16.99,14.99
34532,13.99,
26355,12.99,
26439,59.99,
26492,29.99,
23924,8.99,
36088,18.99,
26356,10.99,
26493,12.99,
23925,8.99,
17016,12.99,10.99
26996,13.99,
24154,27.99,
17595,16.99,
12478,18.99,
12539,13.99,
21342,15.99,
17860,33.99,
40771,25.99,
36907,44.99,39.99
36493,34.99,
19150,21.99,18.99
21341,15.99,
26729,18.99,
19224,21.99,
35266,19.99,
29649,18.99,13.99
16694,14.99,
10062,10.99,8.99
21001,13.99,11.99
25554,13.99,7.99
15334,11.99,9.99
13113,32.99,
12473,13.99,11.99
43223,13.99,9.99
43224,16.99,13.99
10735,13.99,
21442,14.99,12.99
21883,12.49,
19126,15.99,12.99
22400,149.99,
23420,14.99,12.99
14552,19.99,17.99
14539,16.99,14.99
26871,17.99,
24291,17.99,
26872,14.99,
27166,18.99,
24559,19.99,
25340,24.99,
23965,16.99,
14306,51.99,46.99
13445,14.99,11.99
6873,16.99,14.99
23349,14.99,
11089,14.99,12.99
6692,14.99,10.99
19434,99.99,
19436,69.99,
29616,15.99,13.99
33953,13.99,
23350,13.99,
25199,14.99,
25200,14.99,
23552,13.99,
43618,14.99,12.99
15089,12.99,9.99
25290,18.99,9.99
19934,12.99,10.99
19526,13.99,
24993,18.99,
19397,19.99,17.99
19452,12.99,10.99
15582,12.99,
21000,45.99,
25555,41.99,39.99
41762,99.99,
26027,35.99,
43225,35.99,32.99
25162,49.99,
27167,59.99,
19264,69.99,
13941,44.99,
19961,69.99,
25817,54.99,
44186,49.99,44.99
18254,75.99,
24294,19.99,
15820,36.99,
29192,29.99,
22963,29.99,24.99
27160,67.99,
27097,74.99,
21002,13.99,11.99
21003,13.99,7.99
35049,14.99,12.99
23660,12.99,
25387,19.99,9.99
8018,8.99,6.99
31320,8.99,6.99
8016,8.99,6.99
23793,12.99,
25289,12.99,6.99
23954,11.99,9.99
24288,10.99,
24292,10.99,
22957,64.99,
23068,59.99,
11259,47.99,
26889,25.99,23.99
21734,19.99,
19394,32.99,29.99
33717,51.99,46.99
24090,32.99,29.99
26281,29.99,
23964,22.99,
25291,28.99,17.99
29112,33.99,28.99
19400,19.99,
43937,237.99,
23070,25.99,
16824,19.99,
18332,15.99,
46088,14.99,
33719,32.99,
14265,22.99,
23785,19.99,
14126,13.99,
13567,15.99,13.99
27016,13.99,10.99
27017,13.99,10.99
13339,13.99,7.99
13338,13.99,7.99
14211,13.99,
25353,16.99,13.99
21529,12.99,
13991,11.99,9.99
24994,25.99,
43232,13.99,
34137,13.99,10.99
40219,13.99,
10581,13.99,10.99
34138,13.99,
24606,11.99,9.99
24605,11.99,9.99
11080,11.99,8.99
16468,13.99,11.99
16458,14.99,12.99
16466,16.99,
21839,14.99,
16460,13.99,11.99
13956,15.99,12.99
16378,11.99,9.99
46424,11.99,9.99
17500,11.99,9.99
22032,9.99,
18585,14.99,
19439,49.99,
24151,19.99,10.99
19963,13.99,
13443,13.99,11.99
27273,13.99,9.99
21755,12.99,
10414,13.99,
10415,14.99,
15650,11.99,
25990,13.99,11.99
25989,15.99,13.99
21181,34.99,29.99
24701,16.99,14.99
21959,6.99,
21960,6.99,
25737,19.99,17.99
14972,35.99,32.99
14973,46.99,43.99
21595,11.99,9.99
16761,14.99,13.99
16758,14.99,13.99
26864,15.99,
26862,15.99,
7985,9.99,
7990,9.99,
12304,11.99,
23635,14.99,
26670,21.99,
19646,11.99,8.99
26377,36.99,
6322,13.99,12.99
16890,,
31621,12.99,10.99
6186,13.99,12.99
24548,20.99,17.99
21383,,
21382,,
26187,,
26186,,
26460,,
26461,,
26464,,
20788,,
40607,,
21386,,
21411,,
21320,,
44266,10.99,8.99
22194,12.99,
14811,11.99,9.99
26358,,
15444,11.99,
38502,9.99,6.99
23528,13.99,
19260,11.99,
17073,13.99,9.99
46429,11.99,9.99
26421,20.99,
26420,24.99,
42579,11.99,9.99
23534,19.99,17.99
8630,9.99,7.99
17981,21.99,19.99
12005,56.99,
7284,9.99,
7282,9.99,
31346,10.99,
31347,10.99,
46297,11.99,
46298,11.99,
26534,8.99,
26535,8.99,
37984,13.99,9.99
14194,37.99,
14975,8.99,6.99
22958,8.99,
38635,19.99,17.99
26706,24.99,
15192,14.99,12.99
17758,25.99,
25891,10.99,
31910,11.99,
21979,16.99,
25072,59.99,54.99
24015,18.99,
14279,10.99,
23389,13.99,11.99
23618,199.99,
42124,22.99,19.99
46600,11.99,9.99
17171,5.99,
17172,5.99,
19283,12.99,
15527,12.99,
18102,54.99,49.99
11152,10.99,8.99
27276,18.99,
38416,11.99,
17967,15.99,
43652,21.99,19.99
15940,49.99,
21355,12.49,10.49
16757,21.99,20.99
24183,81.99,
24195,27.99,
40575,34.99,
11285,79.99,
24182,88.99,
12324,27.99,
24185,92.99,
26771,48.99,
18836,17.99,14.99
17315,79.99,
17316,34.99,
26772,57.99,
25563,32.99,
25514,49.99,
25562,69.99,
25564,99.99,
25513,19.99,
24166,74.99,
24165,84.99,
23962,20.99,
23123,14.99,
26709,8.99,
24018,36.99,
13651,15.99,13.99
24279,69.99,
10750,29.99,27.99
24274,19.99,
45605,10.99,8.99
15321,10.99,8.99
44228,13.99,9.94
34460,14.99,12.99
40837,29.99,
34388,16.99,13.99
11029,27.99,25.99
26834,14.99,12.99
17535,10.99,8.99
13807,10.99,
29619,15.99,13.99
22007,15.99,
32619,20.99,
607,10.99,
29620,12.99,
22008,12.99,
27145,10.99,8.99
10895,22.99,
39256,12.99,10.99
29621,13.99,11.99
6584,13.99,11.99
25381,16.99,
446,16.99,
24273,15.99,
16400,12.99,10.99
41633,15.99,13.99
24361,46.99,
24362,55.99,
24360,34.99,
22075,29.99,
8728,17.99,15.99
1062,6.99,
22995,12.99,9.99
35976,11.99,9.99
24275,18.99,
41759,10.99,7.99
15392,11.99,7.49
19700,13.99,11.99
6426,15.99,13.99
13710,6.99,
34393,13.99,11.99
25383,18.99,
27679,15.99,13.99
43011,,
43013,,
35972,,
17471,,
18167,,
25418,,
40456,,
29039,,
22924,,
22923,,
24998,,
26422,,
21381,13.99,
46950,7.99,
13981,10.99,8.99
24180,35.99,
33706,9.99,7.99
24897,27.99,24.99
6586,12.99,10.99
22883,12.99,10.99
31233,13.99,10.99
20699,13.99,
20398,10.99,
16264,79.99,
20400,15.99,13.99
45645,28.99,
45822,12.99,9.99
45647,12.99,10.99
45823,12.99,10.99
24016,24.99,
20800,10.99,8.99
17119,18.99,15.99
11970,18.99,
15263,13.99,11.99
15496,17.99,
29182,13.99,11.99
523,11.99,9.99
10238,17.99,15.99
14974,16.99,14.99
15922,11.99,9.99
19699,11.99,9.99
16918,11.99,9.99
42018,14.99,11.99
8674,9.99,8.99
6240,9.99,8.99
25036,12.99,10.99
26423,18.99,
21849,18.99,16.99
21317,15.99,13.99
33874,13.99,10.99
44041,13.99,11.99
33873,7.49,6.49
24012,24.99,
38622,12.99,
45993,10.99,
44734,9.99,
16151,13.99,10.99
33334,8.99,
32367,8.99,6.99
32368,14.99,
19584,59.99,
45535,12.99,10.99
12216,14.49,9.99
32479,12.99,10.99
35885,11.99,9.99
10227,11.99,9.99
27460,11.99,9.99
27461,11.99,8.99
6455,14.99,11.99
13603,19.99,17.99
20402,10.99,
34971,26.99,
20523,14.99,11.99
28214,13.99,11.99
31157,24.99,
11207,17.99,14.99
27042,11.99,
21510,14.99,10.99
27596,9.99,7.99
36378,14.99,10.99
10626,14.99,10.99
45203,9.99,7.99
44016,16.99,
24167,35.99,
23126,13.99,11.99
24335,14.99,
19000,12.99,
21364,16.99,14.99
18237,24.99,
23171,52.99,
23778,12.99,
15545,79.99,
34947,11.49,9.49
10910,59.99,
15929,51.99,
14635,16.99,
26763,18.99,
18886,46.99,
22421,15.99,11.99
23170,75.99,
25645,17.99,14.99
21983,17.99,
21977,65.99,
21980,65.99,
21981,39.99,
21982,22.99,
18865,42.99,38.99
24191,21.99,
24187,32.99,
27172,18.99,
12507,32.99,26.99
20170,12.99,9.99
33587,32.99,
33967,43.99,41.99
33966,56.99,50.99
44785,19.99,
14457,13.99,11.99
24602,21.99,
24432,8.99,
41864,10.99,
20880,46.99,
15478,18.99,
15476,49.99,
22838,11.99,
38191,16.99,13.99
25373,14.99,
25375,11.99,9.99
21711,24.99,
26061,14.99,12.99
13123,14.99,12.99
35709,12.99,10.99
18664,11.99,9.99
24929,23.99,
22821,11.99,9.99
22822,13.99,11.99
38950,11.99,9.99
44362,13.99,10.99
20383,15.99,13.99
24722,28.99,
42881,10.99,5.99
22778,27.99,
35430,26.99,
15526,8.99,
29714,8.99,
38131,11.99,
10380,13.99,11.99
23530,24.99,
38549,10.99,6.99
25739,10.99,7.99
26268,19.99,15.99
46428,11.99,9.99
22599,32.99,
18027,19.99,16.99
21232,12.99,10.99
21380,19.49,
18601,18.99,
18801,14.99,11.99
23943,5.99,
38481,19.99,17.99
10874,12.99,
12271,14.99,
11199,19.99,16.99
21789,24.49,19.99
21233,14.99,12.99
19174,14.99,12.99
12203,9.99,
44719,11.99,
24953,15.99,12.99
14706,13.99,9.49
25901,11.99,9.99
15043,24.99,
22014,16.99,
22016,6.79,
27288,,
22230,15.99,
24310,15.99,12.99
24520,14.99,12.99
14622,16.99,12.99
21231,4.99,
22222,14.99,12.99
11698,14.99,11.99
6638,24.99,
7345,13.99,
8534,5.99,
40175,11.99,
40114,13.99,
12191,13.99,
32592,18.99,
37235,13.99,11.99
35294,5.99,4.99
40425,16.99,14.99
23917,29.99,27.99
25212,16.99,13.99
32835,19.99,17.99
19336,3.99,
33331,15.99,8.99
16749,10.99,
45240,18.99,16.99
17928,,
14810,15.99,12.99
20407,16.99,14.99
20180,15.99,13.99
15428,14.99,12.99
25875,14.99,12.99
40621,21.99,
27083,24.99,19.99
19127,18.99,15.99
15639,15.99,12.99
27180,22.99,17.99
23129,22.99,19.99
13670,14.99,9.99
19160,18.99,16.99
24594,18.99,
22389,4.99,
33582,15.99,11.99
20729,11.99,9.99
26514,31.99,28.99
20731,11.99,9.99
20662,9.99,
13967,15.99,12.99
30602,15.99,13.99
23038,34.99,30.99
19035,13.99,
34504,16.99,14.99
45992,10.99,
33987,14.99,
33988,14.99,
26827,14.99,
34060,15.99,13.99
43365,14.99,
21308,14.99,11.99
15393,11.99,7.49
21790,59.99,
25596,21.99,19.99
25597,21.99,19.99
28146,14.99,12.99
28147,14.99,11.99
10702,14.99,11.99
37657,23.99,17.99
16320,10.99,8.99
46599,11.99,9.99
6967,22.99,
21729,14.99,12.99
21859,15.99,13.99
33578,16.99,
11856,11.99,
20395,11.99,9.99
24346,41.99,37.99
39107,100.99,94.99
37100,58.99,53.99
24265,24.99,
18380,41.99,35.99
15463,89.99,86.99
6727,21.99,17.99
18733,32.99,26.99
18375,15.99,11.99
21012,84.99,
18142,63.99,59.99
23172,32.99,29.99
12224,12.99,
18152,12.99,9.99
13779,12.99,9.99
8678,18.99,
41827,14.99,
13994,11.99,9.99
28238,10.99,
18347,18.99,14.99
15037,75.99,70.99
31200,20.99,18.99
22903,10.99,
24715,63.99,59.99
21407,13.99,
23712,11.99,
26066,12.99,
40667,15.99,
24819,74.99,
13487,20.99,17.99
11279,44.99,
11280,32.99,
20552,16.99,
26861,39.99,
46367,24.99,
22347,12.99,
36101,59.99,55.99
38632,29.99,
38651,18.99,16.99
38652,23.99,20.99
46070,14.99,12.99
34996,24.99,16.99
32831,14.99,9.99
12666,14.99,12.99
24404,14.99,11.99
36100,32.99,29.99
44733,9.99,
16961,65.99,
36419,11.99,
33965,24.99,21.99
11932,32.99,28.99
19821,19.99,16.99
22641,19.99,
18130,36.99,
23418,59.99,
26560,21.99,15.99
18636,18.99,16.99
19189,17.99,
45063,11.99,8.99
31345,24.99,22.99
24829,14.99,9.99
12388,32.99,30.99
24118,17.99,14.99
24119,15.99,12.99
15171,16.99,14.99
18013,10.99,5.99
16646,41.99,36.99
26770,65.99,
24281,99.99,
45859,15.99,
23870,10.99,
24181,71.99,
40337,14.49,9.99
25427,41.99,
25426,19.99,
23827,16.99,14.99
23297,21.99,
37817,15.99,12.99
37822,26.99,16.99
37821,13.99,11.99
16189,29.99,15.99
15931,75.99,
25934,9.99,
25932,12.99,
24138,89.99,
46580,4.99,
16878,10.99,7.99
38133,10.99,5.99
25226,42.99,
23468,178.99,
21216,110.99,
23099,48.99,
23122,27.99,25.99
24006,34.99,
17011,15.99,13.99
27100,15.99,12.99
20762,22.99,20.99
20761,39.99,36.99
22057,26.99,
22058,95.99,
15222,28.99,
22318,47.99,42.99
24496,103.99,
36235,99.99,
13985,13.99,11.99
34998,18.99,16.99
22228,42.99,40.99
23517,14.99,12.99
23379,13.99,11.99
26705,47.99,
24280,84.99,
6542,8.99,6.99
19175,15.99,11.99
24169,49.99,
31160,23.99,21.99
11274,49.99,
24727,52.99,
24728,21.99,
23169,34.99,
15824,18.99,
24724,36.99,
24725,62.99,
22809,13.99,11.99
13595,55.99,49.99
11771,33.99,27.99
11200,17.99,13.99
6721,19.99,16.99
18880,13.99,
22192,12.99,
11385,45.99,
27556,24.99,12.99
10624,59.99,56.99
10625,69.99,66.99
10623,49.99,46.99
19989,13.99,7.99
36139,16.99,
36138,12.99,
8232,9.99,8.99
8978,16.99,14.99
21517,7.79,
34635,9.99,8.99
6651,14.99,12.99
23155,21.99,19.99
24778,24.99,22.99
21951,14.99,12.99
7159,9.99,7.99
17814,39.99,34.99
6976,22.99,18.99
27911,18.99,15.99
35103,11.99,9.99
44217,18.99,15.99
19458,9.99,7.99
22649,49.99,
22648,38.99,
6319,13.99,11.99
26744,13.99,11.99
46694,29.99,26.99
20763,16.99,13.99
33767,13.99,11.99
21178,19.99,17.99
33768,29.99,26.99
20419,39.99,19.49
24779,14.99,9.99
16494,21.99,18.99
24723,59.99,
24465,19.99,
18971,26.99,23.99
22787,49.99,
20108,169.99,
20406,23.99,20.99
20404,13.99,10.99
20405,18.99,15.99
25003,47.99,
25004,21.99,
24720,27.99,
35123,36.99,33.99
20748,74.99,49.99
35590,12.99,10.99
20674,26.99,24.99
19302,14.99,11.99
25109,13.99,10.99
44182,18.99,16.99
25603,19.99,16.99
33278,10.99,8.99
25005,17.99,
25006,14.99,
25262,17.99,14.99
38644,12.99,10.99
33963,14.99,11.99
38198,12.99,10.99
38197,13.99,11.99
8730,9.99,7.99
16990,13.99,11.99
6743,13.99,11.99
33961,79.99,
22395,89.99,
35862,22.99,19.99
33960,18.99,15.99
11196,12.99,10.99
12505,12.99,8.99
18433,94.99,
18432,169.99,
23156,109.99,99.99
27528,12.99,10.99
18430,19.99,
24017,18.99,
18431,44.99,
18096,33.99,31.99
8366,9.99,
24672,15.99,
24673,15.99,
7361,15.99,
8790,15.99,
26495,18.99,
24992,54.99,
19329,48.99,45.99
6937,14.99,
8746,8.99,5.99
19831,18.99,9.99
16649,16.99,14.99
32832,46.99,29.99
8242,14.99,12.99
8231,14.99,12.99
31172,21.99,
27111,64.99,59.99
25528,119.99,
18271,126.99,
21329,19.99,17.99
39219,17.99,14.99
25527,149.99,
33581,12.99,10.99
24731,59.99,
18269,73.99,
24732,62.99,
26708,64.99,59.99
13887,54.99,
44828,14.99,12.99
44780,24.99,
24615,39.99,
7371,12.99,
46498,11.99,
27591,34.99,31.99
10621,19.99,16.99
23527,79.99,
26728,14.99,
18575,42.99,39.99
16071,57.99,
27472,15.99,12.99
26850,14.99,
26848,74.99,
24800,15.99,13.99
26313,15.99,
36483,69.99,59.99
33579,20.99,18.99
8787,15.99,
37735,12.99,10.99
21117,9.99,7.99
15047,18.99,
27579,69.99,66.99
35747,16.99,14.99
27567,14.99,9.99
27581,17.99,15.99
33971,32.99,29.99
24603,32.99,29.99
27121,29.99,27.99
27123,34.99,31.99
27122,29.99,27.99
870,29.99,
43131,14.99,
23134,21.99,
18875,9.99,7.99
18877,9.99,7.99
8653,5.29,
7221,10.49,
7982,7.49,
8654,5.29,
7977,10.49,
7978,7.49,
344,19.99,
7994,9.99,
7996,6.49,
7991,9.99,
7993,6.49,
40296,,
24050,,
17882,,
18653,,
38322,,
43124,,
8696,,
39110,,
44761,,
20905,,
24051,,
19977,,
15349,,
15350,,
17880,,
17059,,
24048,,
24049,,
24052,,
41416,,
19513,,
14724,,
42953,,
18838,,
14329,,
41003,,
14425,44.99,
23511,,
23512,,
23513,,
23510,,
23514,,
15876,,
40338,,
41304,,
21410,,
12650,,
21325,,
12443,,
26058,,
13895,,
24580,,
24579,,
15875,,
23896,,
35967,,
26596,,
17906,,
25122,,
25520,,
10609,,
35392,,
28162,,
12684,,
36859,,
26594,68.99,
41912,15.99,
24139,16.99,14.99
38369,18.99,
19074,22.99,20.99
46141,22.99,20.99
41778,15.99,
39098,24.99,22.99
24866,17.99,14.99
41061,33.99,
23522,14.99,10.99
43685,16.99,13.99
32749,11.99,7.99
13451,14.99,11.99
23873,39.99,
39523,24.99,
11828,11.99,7.49
40483,18.99,14.99
21151,13.99,
24535,12.99,10.99
21084,15.99,12.99
23239,13.99,10.99
25988,15.99,12.99
32915,17.99,14.99
21326,29.99,
25892,10.99,
15399,13.99,10.99
39146,13.99,
13497,13.99,
13731,19.99,
41546,11.99,7.99
23235,14.99,11.99
45460,12.99,
14240,10.99,
38348,15.99,13.99
31231,13.99,9.99
22441,17.99,14.99
38370,14.99,
24546,3.99,
40801,12.99,10.99
44911,16.99,14.99
10727,12.99,9.99
36473,16.99,12.99
16891,13.99,11.99
17915,10.99,
35393,15.99,13.99
28163,15.99,9.95
40545,20.99,14.99
13766,15.99,12.99
33261,18.99,16.99
8265,11.99,9.99
20855,15.99,12.99
39285,27.99,24.99
19406,35.99,32.99
19904,79.99,
44916,19.99,17.99
7266,16.99,14.99
39764,31.99,27.99
25179,195.99,
25180,99.99,
25181,95.99,
25182,45.99,
10938,139.99,
27429,21.99,19.99
45866,11.99,9.99
25445,23.99,19.99
31045,64.99,59.99
46715,30.99,
13619,21.99,19.99
25206,89.99,
26939,48.99,43.99
26935,21.99,14.99
22819,24.99,
15745,34.99,32.99
7969,16.99,14.99
21055,44.99,39.99
31419,13.99,11.99
32900,129.99,
6535,13.99,11.99
21032,25.99,23.99
21033,41.99,39.99
7265,18.99,16.99
32136,47.99,44.99
28497,14.99,12.99
32074,14.99,12.99
27512,26.99,23.99
32796,24.99,19.99
19949,29.99,
19950,69.99,
19951,65.99,
19785,39.99,
19786,74.99,
27813,17.99,14.99
14703,12.99,11.99
24883,19.99,
24885,15.99,
24841,9.99,
21155,24.99,
24876,21.99,
21534,11.99,
21622,11.99,9.99
21505,13.99,6.99
18126,12.99,10.99
22174,23.99,21.99
43639,27.99,
14852,14.99,12.99
24763,11.99,
25185,19.99,15.99
35130,10.99,
33055,10.99,8.99
18610,22.99,
35910,19.99,
44207,11.99,9.99
11367,11.99,8.99
13709,11.99,
15675,12.99,
13792,11.99,8.99
11366,11.99,8.99
19464,14.99,6.99
20324,13.99,
22867,,
22866,,
22864,,
22863,,
22865,,
16560,14.99,
16559,14.99,
26299,10.99,8.99
44859,10.99,7.99
44724,34.99,30.99
42158,12.99,
25295,19.99,9.99
37401,10.99,5.99
33035,10.99,8.99
23366,16.99,14.99
38412,10.99,
31465,17.99,
39084,23.99,20.99
43489,13.99,
46199,10.99,7.99
605,16.99,14.99
15367,26.99,24.99
42685,47.99,
14719,21.99,
17837,12.99,9.99
46554,16.99,14.99
21422,21.99,17.99
16727,13.99,
19120,14.99,12.99
14110,23.99,
27361,10.99,8.99
35442,16.99,14.99
20255,15.99,
19687,153.99,
37217,15.99,13.99
38822,11.99,9.99
35048,13.99,
12662,13.99,
43900,44.99,
27146,11.99,9.99
21272,10.99,8.99
36558,10.99,9.99
15871,15.99,
31790,9.99,7.99
16894,119.99,
12213,11.99,7.99
27168,18.99,
16526,10.99,8.99
28081,11.99,8.99
45322,10.99,8.99
25625,19.99,15.99
18609,49.99,
17219,11.99,9.99
21169,8.49,
47014,15.99,13.99
12340,16.99,14.99
39254,13.99,11.99
16805,17.99,7.99
18125,10.99,8.99
18095,17.99,15.99
22291,19.99,17.99
45871,8.49,
24411,39.99,
46062,13.99,10.99
24556,16.99,
27169,34.99,
34763,13.99,11.99
15503,16.99,13.99
11354,11.99,9.99
21408,17.99,
44818,11.99,
15748,10.99,8.99
15552,13.99,11.99
14386,10.99,8.99
42167,14.99,
23245,14.99,11.99
23246,18.99,15.99
26062,12.99,9.99
34870,10.99,8.99
24686,12.99,7.99
44915,11.99,
21573,7.99,
29835,7.99,
17293,14.99,12.99
17292,14.99,12.99
17294,14.99,12.99
24541,64.99,
19577,16.99,14.99
26353,12.99,
7222,7.49,
8254,14.49,
17296,12.99,10.99
12520,8.99,
44921,16.99,
44922,36.99,
26518,9.99,6.99
21424,13.99,11.99
34674,10.99,8.99
44912,16.99,
35999,15.99,12.99
36000,15.99,12.99
8780,16.99,14.99
8717,16.99,14.99
46725,21.99,
20743,25.99,22.99
18246,45.99,
18891,80.99,68.99
13784,26.99,24.99
44025,45.99,41.99
10870,18.99,
41377,11.99,9.99
26672,17.99,
22854,12.99,
13711,10.99,
15739,21.99,19.99
12339,15.99,
41087,8.49,
16553,12.99,10.99
24593,19.99,17.99
26006,49.99,44.99
18784,48.99,
26145,16.99,14.99
6145,7.99,
24410,19.99,17.99
23360,10.99,
21750,9.99,
18788,14.99,
21115,9.99,7.99
33206,18.99,16.99
15743,17.99,15.99
28474,14.99,12.99
40055,19.99,16.99
40053,10.99,8.99
40054,14.99,11.99
33265,13.99,10.99
33267,24.99,19.99
26707,24.99,
26142,39.99,35.99
22097,16.99,
25900,12.99,9.99
22098,27.99,22.99
21965,10.99,
19782,29.99,
7302,14.99,10.99
26236,10.99,
24634,19.99,16.99
8346,17.99,14.99
24304,13.99,
27368,22.99,20.99
18787,11.99,
22345,24.99,
22344,18.99,15.99
13498,10.99,6.99
27370,17.99,
35490,13.99,10.99
12368,13.99,10.99
26352,13.99,
26340,16.99,
44613,8.99,
24123,10.99,
23988,11.99,
24697,12.99,
26485,13.99,11.99
8386,13.49,
27432,16.99,
27433,16.99,
29646,14.99,
29676,19.99,
6552,22.99,
6553,13.99,
24415,29.99,
24416,14.99,12.99
24418,15.99,13.99
17617,18.99,15.99
29461,12.99,8.99
26436,9.99,
8191,20.49,
26435,9.99,
15079,15.99,10.99
23270,12.99,9.99
14551,15.99,7.99
24700,14.99,
20629,13.99,11.99
44269,12.99,10.99
20204,12.99,11.99
26774,13.99,11.99
8737,13.99,11.99
8875,24.99,22.99
34123,3.99,
6459,10.99,
41081,19.99,17.99
16200,42.99,
26181,11.99,8.99
39681,3.99,
38165,11.99,
18613,16.99,14.99
15247,18.99,16.99
24305,18.99,
10680,12.99,
24218,17.99,
38953,14.99,12.99
17838,12.99,9.99
25773,15.99,13.99
21273,12.99,10.99
20254,16.99,14.99
24125,17.99,
24591,7.99,
40213,16.99,
21271,15.99,13.99
13122,16.99,
26860,16.99,
42691,12.99,
17024,15.99,11.99
46060,15.99,13.99
38952,16.99,
19549,16.99,13.99
24671,13.99,
13124,14.99,
24124,10.99,
22836,13.99,11.99
17186,16.99,14.99
24881,13.99,
